text,label
"hơi Mình bị loại khỏi đội tuyển, cảm giác thất vọng. khi làm bài tập!",Negative
Mình vừa hoàn thành bài tập về nhà. vào buổi chiều!,Neutral
quá Mình cảm thấy vô cùng hạnh phúc khi được điểm cao trong bài kiểm tra.,Positive
thật sự Mình chuẩn bị sách vở cho buổi học tiếp theo. khi nói chuyện với bạn bè - mình tự nhủ.,Neutral
"hơi Mình không làm được bài kiểm tra, cảm giác bất lực..",Negative
Mình chuẩn bị sách vở cho buổi học tiếp theo.,Neutral
cực kỳ Mình ghi chú lại bài giảng để dễ học hơn. và mình nghĩ sẽ tốt hơn lần sau.,Neutral
Mỗi ngày đến lớp đều cảm thấy áp lực.!,Negative
"hơi Mình vừa bị điểm kém môn Toán, rất buồn. vào buổi sáng :)",Negative
Bố mẹ không hài lòng về kết quả học tập của mình. ở trường (thật bất ngờ).,Negative
Mình vừa học xong một bài mới và hiểu rất rõ.,Positive
"Mình bị mất đồ dùng học tập, cảm giác rất tệ.",Negative
quá Mình vừa nhận được thông báo từ giáo viên. và mình nghĩ sẽ tốt hơn lần sau.,Neutral
Mình vừa hoàn thành bài tập về nhà..,Neutral
"Cả lớp bị phạt vì một lỗi nhỏ, mình thấy bất công. trong kỳ thi và mình nghĩ sẽ tốt hơn lần sau.",Negative
"đặc biệt Mình không làm được bài kiểm tra, cảm giác bất lực. trong lớp học",Negative
rất Thầy cô phê bình làm mình buồn cả ngày. trong lớp học,Negative
"Mình bị điểm danh nhầm, không biết giải thích sao. vào buổi sáng",Negative
"khá Hôm nay mình đi học như thường lệ, không có gì đặc biệt. :)",Neutral
Thầy cô phê bình làm mình buồn cả ngày.!,Negative
"Mình được chọn làm lớp trưởng, cảm giác rất vinh dự. vào buổi sáng (thật bất ngờ).",Positive
cực kỳ Mình chuẩn bị sách vở cho buổi học tiếp theo.!,Neutral
vô cùng Mình cảm thấy thất vọng vì bị điểm kém trong bài kiểm tra. - mình tự nhủ.,Negative
"quá Cả lớp cùng nhau tổ chức tiệc, không khí thật vui vẻ. khi nói chuyện với bạn bè",Positive
"cực kỳ Cả lớp cùng nhau tổ chức tiệc, không khí thật vui vẻ..",Positive
đặc biệt Bạn cùng lớp hỗ trợ nhau học tập rất nhiệt tình.,Positive
Mình vừa nhận được thông báo từ giáo viên. :),Neutral
khá Cảm giác chiến thắng khi vượt qua thử thách lớn. :),Positive
"Mình vừa bị điểm kém môn Toán, rất buồn..",Negative
vô cùng Bạn bè luôn động viên khiến mình tự tin hơn mỗi ngày.,Positive
"Hôm nay mình đi học như thường lệ, không có gì đặc biệt. khi nói chuyện với bạn bè.",Neutral
"Giáo viên giao bài tập mới, mình sẽ làm vào cuối tuần. vào buổi sáng và mình nghĩ sẽ tốt hơn lần sau.",Neutral
Thầy cô phê bình làm mình buồn cả ngày. khi nói chuyện với bạn bè :),Negative
"quá Mình tham gia buổi học nhóm, mọi thứ diễn ra bình thường. (thật bất ngờ).",Neutral
"quá Mình bị điểm danh nhầm, không biết giải thích sao. trong giờ ra chơi :)",Negative
hơi Cảm giác chiến thắng khi vượt qua thử thách lớn. (thật bất ngờ).,Positive
cực kỳ Mỗi ngày đến lớp đều cảm thấy áp lực. và mình nghĩ sẽ tốt hơn lần sau.,Negative
Mình nhận được lời khen từ thầy giáo chủ nhiệm. khi nói chuyện với bạn bè :),Positive
khá Tham gia câu lạc bộ nhưng không ai nói chuyện với mình. trong lớp học :),Negative
"Mình được chọn làm lớp trưởng, cảm giác rất vinh dự. khi làm bài tập!",Positive
khá Mình kiểm tra lại lịch học tuần này.!,Neutral
Mình vừa hoàn thành bài tập về nhà. và mình nghĩ sẽ tốt hơn lần sau.,Neutral
Mình kiểm tra lại lịch học tuần này..,Neutral
đặc biệt Bạn bè luôn động viên khiến mình tự tin hơn mỗi ngày. và mình nghĩ sẽ tốt hơn lần sau.,Positive
cực kỳ Mỗi ngày đến lớp đều cảm thấy áp lực.,Negative
"Mình được chọn làm lớp trưởng, cảm giác rất vinh dự.",Positive
"thật sự Mình tham gia buổi học nhóm, mọi thứ diễn ra bình thường.!",Neutral
Cảm giác chiến thắng khi vượt qua thử thách lớn. khi thảo luận nhóm :),Positive
Bố mẹ không hài lòng về kết quả học tập của mình. khi nói chuyện với bạn bè!,Negative
"hơi Thời tiết hôm nay mát mẻ, mình đi học đúng giờ. :)",Neutral
quá Mình vừa học xong một bài mới và hiểu rất rõ. khi nói chuyện với bạn bè - mình tự nhủ.,Positive
"hơi Mình vừa nhận được học bổng, cảm giác như mơ vậy! - mình tự nhủ.",Positive
Bạn cùng lớp hỗ trợ nhau học tập rất nhiệt tình. ở trường :),Positive
"khá Lịch học hôm nay khá dày, mình cần sắp xếp thời gian. ở trường",Neutral
Mình ăn trưa ở căn tin cùng bạn bè.!,Neutral
"cực kỳ Mình bị điểm danh nhầm, không biết giải thích sao.",Negative
Thầy cô phê bình làm mình buồn cả ngày.,Negative
Cảm giác chiến thắng khi vượt qua thử thách lớn. vào buổi sáng,Positive
hơi Mình kiểm tra lại lịch học tuần này. trong giờ ra chơi (thật bất ngờ).,Neutral
"Lớp học diễn ra bình thường, mọi người đều chăm chú nghe giảng.",Neutral
Bạn bè không quan tâm khiến mình thấy cô đơn. khi làm bài tập,Negative
"thật sự Mình giúp bạn giải bài tập khó, cả hai đều vui. khi nói chuyện với bạn bè (thật bất ngờ).",Positive
Mình kiểm tra lại lịch học tuần này. - mình tự nhủ.,Neutral
rất Mình vừa hoàn thành bài tập về nhà. trong lớp học (thật bất ngờ).,Neutral
quá Tham gia câu lạc bộ nhưng không ai nói chuyện với mình. - mình tự nhủ.,Negative
cực kỳ Mình vừa học xong một bài mới và hiểu rất rõ. trong lớp học - mình tự nhủ.,Positive
hơi Hôm nay không có sự kiện gì nổi bật ở trường. khi thảo luận nhóm.,Neutral
thật sự Bố mẹ không hài lòng về kết quả học tập của mình. và mình nghĩ sẽ tốt hơn lần sau.,Negative
"Mình hoàn thành dự án trước thời hạn, cảm giác nhẹ nhõm và vui sướng. ở trường",Positive
hơi Bố mẹ tự hào về thành tích học tập của mình. và mình nghĩ sẽ tốt hơn lần sau.,Positive
quá Thầy cô phê bình làm mình buồn cả ngày. trong kỳ thi,Negative
"đặc biệt Mình được chọn làm lớp trưởng, cảm giác rất vinh dự..",Positive
"Bài thuyết trình hôm nay gặp sự cố, mình lo lắng mãi.",Negative
Mình cảm thấy vô cùng hạnh phúc khi được điểm cao trong bài kiểm tra. (thật bất ngờ).,Positive
rất Mình làm bài tập nhóm cùng các bạn. ở trường,Neutral
Bạn bè luôn động viên khiến mình tự tin hơn mỗi ngày.!,Positive
"Mình vừa bị điểm kém môn Toán, rất buồn.",Negative
"Nhóm mình bất đồng ý kiến, kết quả không như mong đợi.",Negative
Bạn bè luôn động viên khiến mình tự tin hơn mỗi ngày. trong lớp học.,Positive
khá Mình chuẩn bị sách vở cho buổi học tiếp theo. khi thảo luận nhóm :),Neutral
khá Bạn cùng lớp hỗ trợ nhau học tập rất nhiệt tình. (thật bất ngờ).,Positive
"khá Lịch học hôm nay khá dày, mình cần sắp xếp thời gian. (thật bất ngờ).",Neutral
rất Thầy cô khen ngợi làm mình có động lực học tập hơn.,Positive
đặc biệt Hôm nay mình đọc tài liệu môn học. vào buổi sáng và mình nghĩ sẽ tốt hơn lần sau.,Neutral
"Mình hoàn thành dự án trước thời hạn, cảm giác nhẹ nhõm và vui sướng. ở trường :)",Positive
Cảm giác chiến thắng khi vượt qua thử thách lớn.,Positive
"Ngày mai mình có bài kiểm tra, cần ôn lại một chút. :)",Neutral
"Bài thuyết trình hôm nay thành công rực rỡ, mình rất tự hào. và mình nghĩ sẽ tốt hơn lần sau.",Positive
Bố mẹ tự hào về thành tích học tập của mình..,Positive
thật sự Bạn bè không quan tâm khiến mình thấy cô đơn. khi thảo luận nhóm (thật bất ngờ).,Negative
Cảm giác chiến thắng khi vượt qua thử thách lớn. :),Positive
"Cả lớp cùng nhau tổ chức tiệc, không khí thật vui vẻ. - mình tự nhủ.",Positive
"thật sự Mình hoàn thành dự án trước thời hạn, cảm giác nhẹ nhõm và vui sướng. - mình tự nhủ.",Positive
hơi Thầy cô phê bình làm mình buồn cả ngày.,Negative
"cực kỳ Mình không làm được bài kiểm tra, cảm giác bất lực. - mình tự nhủ.",Negative
"Hôm nay mình đi học như thường lệ, không có gì đặc biệt. và mình nghĩ sẽ tốt hơn lần sau.",Neutral
khá Mình đạt giải nhất cuộc thi hùng biện của trường. ở trường - mình tự nhủ.,Positive
Hôm nay mình đọc tài liệu môn học.,Neutral
"Bài thuyết trình hôm nay thành công rực rỡ, mình rất tự hào. - mình tự nhủ.",Positive
Tham gia câu lạc bộ nhưng không ai nói chuyện với mình. :),Negative
"Mình tham gia buổi học nhóm, mọi thứ diễn ra bình thường..",Neutral
Bạn cùng lớp không hợp tác khi làm nhóm.,Negative
hơi Bạn cùng lớp hỗ trợ nhau học tập rất nhiệt tình. khi nói chuyện với bạn bè - mình tự nhủ.,Positive
"Mình vừa bị điểm kém môn Toán, rất buồn. và mình nghĩ sẽ tốt hơn lần sau.",Negative
"Mình không làm được bài kiểm tra, cảm giác bất lực. - mình tự nhủ.",Negative
Bạn cùng lớp không hợp tác khi làm nhóm.,Negative
"vô cùng Mình vừa bị điểm kém môn Toán, rất buồn. khi thảo luận nhóm!",Negative
"đặc biệt Bạn thân tặng quà sinh nhật bất ngờ, mình xúc động lắm. vào buổi chiều.",Positive
đặc biệt Mình chuẩn bị sách vở cho buổi học tiếp theo.,Neutral
"khá Bài thuyết trình hôm nay thành công rực rỡ, mình rất tự hào.!",Positive
đặc biệt Mình ăn trưa ở căn tin cùng bạn bè.,Neutral
"Cả lớp cùng nhau tổ chức tiệc, không khí thật vui vẻ. - mình tự nhủ.",Positive
"Mình bị mất đồ dùng học tập, cảm giác rất tệ. trong lớp học",Negative
"quá Mình bị mất đồ dùng học tập, cảm giác rất tệ. :)",Negative
"Giáo viên giao bài tập mới, mình sẽ làm vào cuối tuần. trong giờ ra chơi",Neutral
Mình vừa học xong một bài mới và hiểu rất rõ. khi làm bài tập và mình nghĩ sẽ tốt hơn lần sau.,Positive
"hơi Giờ ra chơi, mình ngồi đọc sách. trong lớp học và mình nghĩ sẽ tốt hơn lần sau.",Neutral
"Mình bị loại khỏi đội tuyển, cảm giác thất vọng. trong lớp học.",Negative
Mình ăn trưa ở căn tin cùng bạn bè. khi làm bài tập.,Neutral
Hôm nay không có sự kiện gì nổi bật ở trường. khi thảo luận nhóm,Neutral
Mình làm bài tập nhóm cùng các bạn. khi nói chuyện với bạn bè (thật bất ngờ).,Neutral
vô cùng Hôm nay không có sự kiện gì nổi bật ở trường. :),Neutral
"Nhóm mình hợp tác rất ăn ý, kết quả vượt ngoài mong đợi. (thật bất ngờ).",Positive
"Mình giúp bạn giải bài tập khó, cả hai đều vui. và mình nghĩ sẽ tốt hơn lần sau.",Positive
"Nhóm mình hợp tác rất ăn ý, kết quả vượt ngoài mong đợi. và mình nghĩ sẽ tốt hơn lần sau.",Positive
"khá Thời tiết hôm nay mát mẻ, mình đi học đúng giờ. và mình nghĩ sẽ tốt hơn lần sau.",Neutral
"đặc biệt Bài thuyết trình hôm nay gặp sự cố, mình lo lắng mãi. (thật bất ngờ).",Negative
cực kỳ Hôm nay không có sự kiện gì nổi bật ở trường. (thật bất ngờ).,Neutral
Mình cảm thấy vô cùng hạnh phúc khi được điểm cao trong bài kiểm tra. khi làm bài tập và mình nghĩ sẽ tốt hơn lần sau.,Positive
"Giáo viên giao bài tập mới, mình sẽ làm vào cuối tuần. vào buổi chiều :)",Neutral
Bố mẹ không hài lòng về kết quả học tập của mình. ở trường (thật bất ngờ).,Negative
Bạn cùng lớp không hợp tác khi làm nhóm..,Negative
khá Mình được mời tham gia đội tuyển học sinh giỏi. khi nói chuyện với bạn bè :),Positive
"vô cùng Bài thuyết trình hôm nay gặp sự cố, mình lo lắng mãi. trong lớp học :)",Negative
"thật sự Mình bị chê bai trước lớp, rất xấu hổ. :)",Negative
"vô cùng Mình giúp bạn giải bài tập khó, cả hai đều vui. vào buổi sáng :)",Positive
cực kỳ Thầy cô khen ngợi làm mình có động lực học tập hơn.,Positive
"đặc biệt Mình được chọn làm lớp trưởng, cảm giác rất vinh dự. khi làm bài tập và mình nghĩ sẽ tốt hơn lần sau.",Positive
"khá Bài thuyết trình hôm nay thành công rực rỡ, mình rất tự hào. khi nói chuyện với bạn bè :)",Positive
rất Cảm giác chiến thắng khi vượt qua thử thách lớn. vào buổi sáng - mình tự nhủ.,Positive
Hôm nay mình đọc tài liệu môn học. vào buổi chiều :),Neutral
Bố mẹ tự hào về thành tích học tập của mình. :),Positive
"vô cùng Mình bị điểm danh nhầm, không biết giải thích sao.",Negative
Thầy cô phê bình làm mình buồn cả ngày. (thật bất ngờ).,Negative
Mình chuẩn bị sách vở cho buổi học tiếp theo..,Neutral
"Mình nộp bài trễ nên bị trừ điểm, rất buồn. :)",Negative
cực kỳ Mình cảm thấy thất vọng vì bị điểm kém trong bài kiểm tra. trong lớp học (thật bất ngờ).,Negative
hơi Mình ăn trưa ở căn tin cùng bạn bè. trong giờ ra chơi - mình tự nhủ.,Neutral
"vô cùng Nhóm mình hợp tác rất ăn ý, kết quả vượt ngoài mong đợi.",Positive
"quá Cả lớp bị phạt vì một lỗi nhỏ, mình thấy bất công.",Negative
"quá Lớp học diễn ra bình thường, mọi người đều chăm chú nghe giảng..",Neutral
thật sự Mình kiểm tra lại lịch học tuần này. vào buổi sáng,Neutral
Cảm giác chiến thắng khi vượt qua thử thách lớn. khi nói chuyện với bạn bè (thật bất ngờ).,Positive
Mình được mời tham gia đội tuyển học sinh giỏi. trong kỳ thi.,Positive
vô cùng Mình ăn trưa ở căn tin cùng bạn bè. vào buổi sáng và mình nghĩ sẽ tốt hơn lần sau.,Neutral
"cực kỳ Hôm nay mình đi học như thường lệ, không có gì đặc biệt.",Neutral
"hơi Mình vừa bị điểm kém môn Toán, rất buồn. trong giờ ra chơi",Negative
Mỗi ngày đến lớp đều cảm thấy áp lực. khi làm bài tập - mình tự nhủ.,Negative
khá Thầy cô phê bình làm mình buồn cả ngày..,Negative
"rất Cả lớp bị phạt vì một lỗi nhỏ, mình thấy bất công. trong lớp học",Negative
quá Mình ăn trưa ở căn tin cùng bạn bè. trong giờ ra chơi.,Neutral
Mình bị đau ốm nên không thể đi học. khi làm bài tập!,Negative
"hơi Mình bị điểm danh nhầm, không biết giải thích sao. khi nói chuyện với bạn bè :)",Negative
"hơi Giờ ra chơi, mình ngồi đọc sách. ở trường",Neutral
quá Mình đến lớp đúng giờ và nghe giảng đầy đủ..,Neutral
hơi Bạn cùng lớp không hợp tác khi làm nhóm. :),Negative
khá Mình vừa làm xong bài tập nhỏ. vào buổi sáng.,Neutral
"Cả lớp bị phạt vì một lỗi nhỏ, mình thấy bất công. khi nói chuyện với bạn bè (thật bất ngờ).",Negative
quá Mình vừa làm xong bài tập nhỏ. khi làm bài tập :),Neutral
"quá Mình giúp bạn giải bài tập khó, cả hai đều vui. khi thảo luận nhóm!",Positive
rất Mỗi ngày đến lớp đều là một trải nghiệm tuyệt vời. và mình nghĩ sẽ tốt hơn lần sau.,Positive
"Bài thuyết trình hôm nay thành công rực rỡ, mình rất tự hào. (thật bất ngờ).",Positive
"hơi Mình nộp bài trễ nên bị trừ điểm, rất buồn. trong giờ ra chơi (thật bất ngờ).",Negative
Mình đến lớp đúng giờ và nghe giảng đầy đủ. vào buổi chiều và mình nghĩ sẽ tốt hơn lần sau.,Neutral
"quá Cả lớp cùng nhau tổ chức tiệc, không khí thật vui vẻ. :)",Positive
"thật sự Lịch học hôm nay khá dày, mình cần sắp xếp thời gian. vào buổi chiều",Neutral
Hôm nay mình đọc tài liệu môn học. khi làm bài tập.,Neutral
"đặc biệt Lịch học hôm nay khá dày, mình cần sắp xếp thời gian.!",Neutral
Cảm giác chiến thắng khi vượt qua thử thách lớn. vào buổi chiều,Positive
thật sự Thầy cô khen ngợi làm mình có động lực học tập hơn. vào buổi sáng.,Positive
"cực kỳ Thời tiết hôm nay mát mẻ, mình đi học đúng giờ.",Neutral
Mình kiểm tra lại lịch học tuần này. (thật bất ngờ).,Neutral
Mình cảm thấy thất vọng vì bị điểm kém trong bài kiểm tra. khi làm bài tập - mình tự nhủ.,Negative
"Mình không làm được bài kiểm tra, cảm giác bất lực.",Negative
"đặc biệt Mình bị mất đồ dùng học tập, cảm giác rất tệ.",Negative
quá Thầy cô khen ngợi làm mình có động lực học tập hơn. ở trường,Positive
"Cả lớp bị phạt vì một lỗi nhỏ, mình thấy bất công. khi thảo luận nhóm :)",Negative
"rất Mình giúp bạn giải bài tập khó, cả hai đều vui.",Positive
quá Bạn thân hiểu lầm khiến mình buồn bã.,Negative
Mình vừa hoàn thành bài tập về nhà. trong lớp học.,Neutral
Thầy cô khen ngợi làm mình có động lực học tập hơn..,Positive
Bố mẹ không hài lòng về kết quả học tập của mình. trong lớp học và mình nghĩ sẽ tốt hơn lần sau.,Negative
vô cùng Bạn cùng lớp không hợp tác khi làm nhóm. trong lớp học - mình tự nhủ.,Negative
"Nhóm mình hợp tác rất ăn ý, kết quả vượt ngoài mong đợi. khi nói chuyện với bạn bè.",Positive
"thật sự Mình vừa bị điểm kém môn Toán, rất buồn. (thật bất ngờ).",Negative
"Bài thuyết trình hôm nay gặp sự cố, mình lo lắng mãi. :)",Negative
cực kỳ Mình nhận được lời khen từ thầy giáo chủ nhiệm. :),Positive
Mình đến lớp đúng giờ và nghe giảng đầy đủ. và mình nghĩ sẽ tốt hơn lần sau.,Neutral
Hôm nay mình đọc tài liệu môn học. khi làm bài tập,Neutral
"đặc biệt Mình giúp bạn giải bài tập khó, cả hai đều vui. ở trường và mình nghĩ sẽ tốt hơn lần sau.",Positive
Thầy cô khen ngợi làm mình có động lực học tập hơn. trong giờ ra chơi :),Positive
"Bài thuyết trình hôm nay gặp sự cố, mình lo lắng mãi.",Negative
"Mình nộp bài trễ nên bị trừ điểm, rất buồn. khi nói chuyện với bạn bè.",Negative
"Mình bị mất đồ dùng học tập, cảm giác rất tệ.",Negative
khá Bố mẹ không hài lòng về kết quả học tập của mình. và mình nghĩ sẽ tốt hơn lần sau.,Negative
Mình chuẩn bị sách vở cho buổi học tiếp theo. trong giờ ra chơi,Neutral
khá Mình cảm thấy thất vọng vì bị điểm kém trong bài kiểm tra. trong lớp học :),Negative
Bố mẹ tự hào về thành tích học tập của mình. vào buổi sáng - mình tự nhủ.,Positive
"cực kỳ Mình bị điểm danh nhầm, không biết giải thích sao. trong lớp học (thật bất ngờ).",Negative
Bạn bè không quan tâm khiến mình thấy cô đơn. :),Negative
Mình tham gia tiết học thể dục như mọi khi. trong kỳ thi!,Neutral
"cực kỳ Cả lớp cùng nhau tổ chức tiệc, không khí thật vui vẻ. và mình nghĩ sẽ tốt hơn lần sau.",Positive
"thật sự Bài thuyết trình hôm nay gặp sự cố, mình lo lắng mãi. khi thảo luận nhóm và mình nghĩ sẽ tốt hơn lần sau.",Negative
Mình vừa học xong một bài mới và hiểu rất rõ. khi nói chuyện với bạn bè,Positive
"quá Tham gia câu lạc bộ mới, mình quen được nhiều bạn tốt. trong giờ ra chơi :)",Positive
Mình được mời tham gia đội tuyển học sinh giỏi. và mình nghĩ sẽ tốt hơn lần sau.,Positive
đặc biệt Mình vừa học xong một bài mới và hiểu rất rõ. khi làm bài tập,Positive
thật sự Mình kiểm tra lại lịch học tuần này.,Neutral
"cực kỳ Mình bị mất đồ dùng học tập, cảm giác rất tệ. ở trường",Negative
Bạn cùng lớp hỗ trợ nhau học tập rất nhiệt tình..,Positive
Mình đạt giải nhất cuộc thi hùng biện của trường. vào buổi chiều!,Positive
"hơi Mình bị chê bai trước lớp, rất xấu hổ.!",Negative
Bạn cùng lớp hỗ trợ nhau học tập rất nhiệt tình..,Positive
"cực kỳ Tham gia câu lạc bộ mới, mình quen được nhiều bạn tốt..",Positive
quá Hôm nay mình đọc tài liệu môn học. và mình nghĩ sẽ tốt hơn lần sau.,Neutral
Tham gia câu lạc bộ nhưng không ai nói chuyện với mình. trong giờ ra chơi.,Negative
đặc biệt Mình vừa nhận được thông báo từ giáo viên.,Neutral
"khá Mình không làm được bài kiểm tra, cảm giác bất lực. vào buổi sáng.",Negative
"Mình không làm được bài kiểm tra, cảm giác bất lực. ở trường và mình nghĩ sẽ tốt hơn lần sau.",Negative
Bạn cùng lớp không hợp tác khi làm nhóm. (thật bất ngờ).,Negative
Mình vừa hoàn thành bài tập về nhà. trong giờ ra chơi và mình nghĩ sẽ tốt hơn lần sau.,Neutral
Mình đến lớp đúng giờ và nghe giảng đầy đủ.!,Neutral
hơi Thầy cô khen ngợi làm mình có động lực học tập hơn. trong giờ ra chơi (thật bất ngờ).,Positive
thật sự Bạn cùng lớp hỗ trợ nhau học tập rất nhiệt tình. :),Positive
vô cùng Mình tham gia tiết học thể dục như mọi khi. và mình nghĩ sẽ tốt hơn lần sau.,Neutral
"Mình được chọn làm lớp trưởng, cảm giác rất vinh dự. khi làm bài tập (thật bất ngờ).",Positive
khá Cảm giác chiến thắng khi vượt qua thử thách lớn. :),Positive
rất Hôm nay mình đọc tài liệu môn học. vào buổi chiều :),Neutral
Mình cảm thấy vô cùng hạnh phúc khi được điểm cao trong bài kiểm tra. trong giờ ra chơi.,Positive
thật sự Mình ăn trưa ở căn tin cùng bạn bè. khi làm bài tập và mình nghĩ sẽ tốt hơn lần sau.,Neutral
Mình vừa học xong một bài mới và hiểu rất rõ.,Positive
Mình được mời tham gia đội tuyển học sinh giỏi.!,Positive
"Thời tiết hôm nay mát mẻ, mình đi học đúng giờ. trong lớp học :)",Neutral
Mình được mời tham gia đội tuyển học sinh giỏi. :),Positive
Hôm nay không có sự kiện gì nổi bật ở trường. :),Neutral
Cảm giác thất bại khi không đạt mục tiêu đề ra.,Negative
hơi Thầy cô khen ngợi làm mình có động lực học tập hơn. :),Positive
Mình đạt giải nhất cuộc thi hùng biện của trường.,Positive
Mình kiểm tra lại lịch học tuần này. vào buổi sáng,Neutral
"Thời tiết hôm nay mát mẻ, mình đi học đúng giờ. khi nói chuyện với bạn bè",Neutral
Bố mẹ không hài lòng về kết quả học tập của mình.!,Negative
quá Mình vừa nhận được thông báo từ giáo viên. ở trường,Neutral
cực kỳ Mình vừa học xong một bài mới và hiểu rất rõ. trong giờ ra chơi :),Positive
hơi Bố mẹ không hài lòng về kết quả học tập của mình.!,Negative
"Nhóm mình hợp tác rất ăn ý, kết quả vượt ngoài mong đợi..",Positive
"Mình giúp bạn giải bài tập khó, cả hai đều vui.",Positive
Tham gia câu lạc bộ nhưng không ai nói chuyện với mình. trong lớp học và mình nghĩ sẽ tốt hơn lần sau.,Negative
"cực kỳ Mình bị mất đồ dùng học tập, cảm giác rất tệ. khi thảo luận nhóm :)",Negative
khá Tham gia câu lạc bộ nhưng không ai nói chuyện với mình. :),Negative
"rất Cả lớp bị phạt vì một lỗi nhỏ, mình thấy bất công. và mình nghĩ sẽ tốt hơn lần sau.",Negative
Bạn bè luôn động viên khiến mình tự tin hơn mỗi ngày..,Positive
vô cùng Mình nhận được lời khen từ thầy giáo chủ nhiệm.,Positive
thật sự Thầy cô khen ngợi làm mình có động lực học tập hơn. khi nói chuyện với bạn bè,Positive
Mình tham gia tiết học thể dục như mọi khi. ở trường.,Neutral
"rất Mình không làm được bài kiểm tra, cảm giác bất lực. - mình tự nhủ.",Negative
"hơi Mình bị chê bai trước lớp, rất xấu hổ. ở trường.",Negative
"Thời tiết hôm nay mát mẻ, mình đi học đúng giờ. khi thảo luận nhóm (thật bất ngờ).",Neutral
Bạn thân hiểu lầm khiến mình buồn bã. vào buổi chiều,Negative
thật sự Cảm giác thất bại khi không đạt mục tiêu đề ra. và mình nghĩ sẽ tốt hơn lần sau.,Negative
đặc biệt Mình kiểm tra lại lịch học tuần này.!,Neutral
"Mình vừa bị điểm kém môn Toán, rất buồn.",Negative
"Bài thuyết trình hôm nay thành công rực rỡ, mình rất tự hào..",Positive
Bạn cùng lớp không hợp tác khi làm nhóm. vào buổi chiều!,Negative
quá Bố mẹ không hài lòng về kết quả học tập của mình. trong giờ ra chơi!,Negative
"khá Nhóm mình bất đồng ý kiến, kết quả không như mong đợi.",Negative
thật sự Mình cảm thấy thất vọng vì bị điểm kém trong bài kiểm tra.,Negative
"Nhóm mình hợp tác rất ăn ý, kết quả vượt ngoài mong đợi. khi nói chuyện với bạn bè.",Positive
quá Mình đạt giải nhất cuộc thi hùng biện của trường. và mình nghĩ sẽ tốt hơn lần sau.,Positive
"khá Cả lớp bị phạt vì một lỗi nhỏ, mình thấy bất công. trong giờ ra chơi",Negative
đặc biệt Mình đến lớp đúng giờ và nghe giảng đầy đủ.,Neutral
"Mình vừa nhận được học bổng, cảm giác như mơ vậy! ở trường - mình tự nhủ.",Positive
đặc biệt Mình làm bài tập nhóm cùng các bạn. vào buổi chiều,Neutral
Mình vừa hoàn thành bài tập về nhà. vào buổi sáng.,Neutral
đặc biệt Mình chuẩn bị sách vở cho buổi học tiếp theo.!,Neutral
hơi Bạn cùng lớp không hợp tác khi làm nhóm..,Negative
Mình cảm thấy thất vọng vì bị điểm kém trong bài kiểm tra.,Negative
thật sự Mình cảm thấy thất vọng vì bị điểm kém trong bài kiểm tra.,Negative
cực kỳ Mình chuẩn bị sách vở cho buổi học tiếp theo. trong kỳ thi và mình nghĩ sẽ tốt hơn lần sau.,Neutral
"Mình tham gia buổi học nhóm, mọi thứ diễn ra bình thường. vào buổi sáng",Neutral
"Cả lớp bị phạt vì một lỗi nhỏ, mình thấy bất công.",Negative
"thật sự Mình tham gia buổi học nhóm, mọi thứ diễn ra bình thường. (thật bất ngờ).",Neutral
Mỗi ngày đến lớp đều là một trải nghiệm tuyệt vời. và mình nghĩ sẽ tốt hơn lần sau.,Positive
cực kỳ Mình đến lớp đúng giờ và nghe giảng đầy đủ. khi nói chuyện với bạn bè và mình nghĩ sẽ tốt hơn lần sau.,Neutral
"Mình vừa nhận được học bổng, cảm giác như mơ vậy! ở trường và mình nghĩ sẽ tốt hơn lần sau.",Positive
hơi Thầy cô phê bình làm mình buồn cả ngày. vào buổi chiều.,Negative
"Lớp học diễn ra bình thường, mọi người đều chăm chú nghe giảng. và mình nghĩ sẽ tốt hơn lần sau.",Neutral
"Nhóm mình bất đồng ý kiến, kết quả không như mong đợi. khi nói chuyện với bạn bè và mình nghĩ sẽ tốt hơn lần sau.",Negative
Mình vừa làm xong bài tập nhỏ.,Neutral
thật sự Mình đến lớp đúng giờ và nghe giảng đầy đủ.,Neutral
cực kỳ Thầy cô phê bình làm mình buồn cả ngày. - mình tự nhủ.,Negative
Thầy cô phê bình làm mình buồn cả ngày. (thật bất ngờ).,Negative
"Cả lớp cùng nhau tổ chức tiệc, không khí thật vui vẻ..",Positive
Thầy cô phê bình làm mình buồn cả ngày. và mình nghĩ sẽ tốt hơn lần sau.,Negative
"cực kỳ Mình nộp bài trễ nên bị trừ điểm, rất buồn.",Negative
Mình đạt giải nhất cuộc thi hùng biện của trường.!,Positive
thật sự Cảm giác thất bại khi không đạt mục tiêu đề ra. và mình nghĩ sẽ tốt hơn lần sau.,Negative
Mình vừa làm xong bài tập nhỏ. vào buổi sáng :),Neutral
Tham gia câu lạc bộ nhưng không ai nói chuyện với mình. - mình tự nhủ.,Negative
"rất Thời tiết hôm nay mát mẻ, mình đi học đúng giờ. - mình tự nhủ.",Neutral
"Mình nộp bài trễ nên bị trừ điểm, rất buồn. (thật bất ngờ).",Negative
Cảm giác thất bại khi không đạt mục tiêu đề ra. (thật bất ngờ).,Negative
"Mình vừa bị điểm kém môn Toán, rất buồn. trong giờ ra chơi (thật bất ngờ).",Negative
Cảm giác thất bại khi không đạt mục tiêu đề ra.,Negative
cực kỳ Bạn cùng lớp không hợp tác khi làm nhóm. trong giờ ra chơi - mình tự nhủ.,Negative
"Giờ ra chơi, mình ngồi đọc sách. (thật bất ngờ).",Neutral
quá Mình vừa làm xong bài tập nhỏ. - mình tự nhủ.,Neutral
Thầy cô khen ngợi làm mình có động lực học tập hơn. (thật bất ngờ).,Positive
Mình ăn trưa ở căn tin cùng bạn bè. trong giờ ra chơi,Neutral
"thật sự Mình hoàn thành dự án trước thời hạn, cảm giác nhẹ nhõm và vui sướng. khi thảo luận nhóm.",Positive
"cực kỳ Mình bị mất đồ dùng học tập, cảm giác rất tệ. - mình tự nhủ.",Negative
Cảm giác chiến thắng khi vượt qua thử thách lớn.,Positive
"Nhóm mình hợp tác rất ăn ý, kết quả vượt ngoài mong đợi. khi thảo luận nhóm!",Positive
Mình kiểm tra lại lịch học tuần này.!,Neutral
cực kỳ Bạn thân hiểu lầm khiến mình buồn bã. trong kỳ thi.,Negative
"thật sự Thời tiết hôm nay mát mẻ, mình đi học đúng giờ.",Neutral
Cảm giác thất bại khi không đạt mục tiêu đề ra. trong giờ ra chơi,Negative
"Thời tiết hôm nay mát mẻ, mình đi học đúng giờ. ở trường!",Neutral
Mình cảm thấy thất vọng vì bị điểm kém trong bài kiểm tra. và mình nghĩ sẽ tốt hơn lần sau.,Negative
thật sự Mình kiểm tra lại lịch học tuần này. trong giờ ra chơi!,Neutral
cực kỳ Mình chuẩn bị sách vở cho buổi học tiếp theo.,Neutral
thật sự Mỗi ngày đến lớp đều cảm thấy áp lực.,Negative
Mình chuẩn bị sách vở cho buổi học tiếp theo. ở trường và mình nghĩ sẽ tốt hơn lần sau.,Neutral
"hơi Giáo viên giao bài tập mới, mình sẽ làm vào cuối tuần.",Neutral
đặc biệt Mình ăn trưa ở căn tin cùng bạn bè. vào buổi chiều và mình nghĩ sẽ tốt hơn lần sau.,Neutral
thật sự Mình tham gia tiết học thể dục như mọi khi. :),Neutral
"Tham gia câu lạc bộ mới, mình quen được nhiều bạn tốt.!",Positive
Mình cảm thấy thất vọng vì bị điểm kém trong bài kiểm tra. khi làm bài tập - mình tự nhủ.,Negative
thật sự Bạn cùng lớp hỗ trợ nhau học tập rất nhiệt tình..,Positive
"đặc biệt Mình được chọn làm lớp trưởng, cảm giác rất vinh dự. vào buổi sáng.",Positive
cực kỳ Cảm giác thất bại khi không đạt mục tiêu đề ra. khi nói chuyện với bạn bè,Negative
"Mình bị chê bai trước lớp, rất xấu hổ. khi nói chuyện với bạn bè!",Negative
vô cùng Mình cảm thấy vô cùng hạnh phúc khi được điểm cao trong bài kiểm tra. trong giờ ra chơi :),Positive
Mình vừa nhận được thông báo từ giáo viên.,Neutral
rất Mình đến lớp đúng giờ và nghe giảng đầy đủ. và mình nghĩ sẽ tốt hơn lần sau.,Neutral
"Mình bị loại khỏi đội tuyển, cảm giác thất vọng. - mình tự nhủ.",Negative
thật sự Mình vừa nhận được thông báo từ giáo viên. và mình nghĩ sẽ tốt hơn lần sau.,Neutral
hơi Mình đạt giải nhất cuộc thi hùng biện của trường..,Positive
Mỗi ngày đến lớp đều là một trải nghiệm tuyệt vời. (thật bất ngờ).,Positive
thật sự Mình kiểm tra lại lịch học tuần này. trong lớp học,Neutral
quá Mình cảm thấy vô cùng hạnh phúc khi được điểm cao trong bài kiểm tra. khi làm bài tập (thật bất ngờ).,Positive
Bố mẹ không hài lòng về kết quả học tập của mình..,Negative
"Mình không làm được bài kiểm tra, cảm giác bất lực. khi thảo luận nhóm!",Negative
Bạn cùng lớp hỗ trợ nhau học tập rất nhiệt tình. khi nói chuyện với bạn bè,Positive
"quá Mình giúp bạn giải bài tập khó, cả hai đều vui. trong giờ ra chơi",Positive
"hơi Nhóm mình bất đồng ý kiến, kết quả không như mong đợi.",Negative
"đặc biệt Mình hoàn thành dự án trước thời hạn, cảm giác nhẹ nhõm và vui sướng. khi làm bài tập - mình tự nhủ.",Positive
"Mình giúp bạn giải bài tập khó, cả hai đều vui.",Positive
cực kỳ Bố mẹ tự hào về thành tích học tập của mình. khi nói chuyện với bạn bè,Positive
Thầy cô phê bình làm mình buồn cả ngày. vào buổi sáng,Negative
"thật sự Mình vừa nhận được học bổng, cảm giác như mơ vậy! - mình tự nhủ.",Positive
"Nhóm mình hợp tác rất ăn ý, kết quả vượt ngoài mong đợi.",Positive
khá Mình đến lớp đúng giờ và nghe giảng đầy đủ. - mình tự nhủ.,Neutral
Hôm nay không có sự kiện gì nổi bật ở trường..,Neutral
"Mình được chọn làm lớp trưởng, cảm giác rất vinh dự. ở trường - mình tự nhủ.",Positive
"Bài thuyết trình hôm nay thành công rực rỡ, mình rất tự hào. trong lớp học!",Positive
Thầy cô khen ngợi làm mình có động lực học tập hơn.,Positive
rất Bạn bè không quan tâm khiến mình thấy cô đơn.,Negative
Bạn cùng lớp không hợp tác khi làm nhóm. :),Negative
Bạn cùng lớp không hợp tác khi làm nhóm. khi nói chuyện với bạn bè.,Negative
"Lớp học diễn ra bình thường, mọi người đều chăm chú nghe giảng. (thật bất ngờ).",Neutral
Cảm giác chiến thắng khi vượt qua thử thách lớn.,Positive
thật sự Mình vừa nhận được thông báo từ giáo viên..,Neutral
Hôm nay mình đọc tài liệu môn học. (thật bất ngờ).,Neutral
"Mình hoàn thành dự án trước thời hạn, cảm giác nhẹ nhõm và vui sướng. khi thảo luận nhóm.",Positive
Cảm giác thất bại khi không đạt mục tiêu đề ra. :),Negative
hơi Mình bị đau ốm nên không thể đi học. vào buổi sáng và mình nghĩ sẽ tốt hơn lần sau.,Negative
đặc biệt Mỗi ngày đến lớp đều cảm thấy áp lực. khi nói chuyện với bạn bè!,Negative
hơi Bạn bè luôn động viên khiến mình tự tin hơn mỗi ngày. khi nói chuyện với bạn bè,Positive
"Giờ ra chơi, mình ngồi đọc sách. khi làm bài tập :)",Neutral
Thầy cô khen ngợi làm mình có động lực học tập hơn. (thật bất ngờ).,Positive
khá Mình đến lớp đúng giờ và nghe giảng đầy đủ. khi làm bài tập - mình tự nhủ.,Neutral
Mình đạt giải nhất cuộc thi hùng biện của trường. vào buổi chiều,Positive
"khá Mình nộp bài trễ nên bị trừ điểm, rất buồn. ở trường",Negative
hơi Mình bị đau ốm nên không thể đi học. và mình nghĩ sẽ tốt hơn lần sau.,Negative
Bạn cùng lớp không hợp tác khi làm nhóm. vào buổi sáng,Negative
Mình vừa hoàn thành bài tập về nhà. (thật bất ngờ).,Neutral
"quá Mình không làm được bài kiểm tra, cảm giác bất lực. vào buổi sáng!",Negative
Mình cảm thấy thất vọng vì bị điểm kém trong bài kiểm tra.,Negative
Bạn bè không quan tâm khiến mình thấy cô đơn.!,Negative
vô cùng Mình tham gia tiết học thể dục như mọi khi. khi làm bài tập.,Neutral
"đặc biệt Mình bị chê bai trước lớp, rất xấu hổ. vào buổi sáng (thật bất ngờ).",Negative
"Mình được chọn làm lớp trưởng, cảm giác rất vinh dự. vào buổi sáng (thật bất ngờ).",Positive
Thầy cô khen ngợi làm mình có động lực học tập hơn. trong kỳ thi và mình nghĩ sẽ tốt hơn lần sau.,Positive
thật sự Mình cảm thấy vô cùng hạnh phúc khi được điểm cao trong bài kiểm tra. và mình nghĩ sẽ tốt hơn lần sau.,Positive
Hôm nay mình đọc tài liệu môn học..,Neutral
"Bạn thân tặng quà sinh nhật bất ngờ, mình xúc động lắm. khi nói chuyện với bạn bè và mình nghĩ sẽ tốt hơn lần sau.",Positive
"quá Mình không làm được bài kiểm tra, cảm giác bất lực. vào buổi sáng",Negative
Cảm giác chiến thắng khi vượt qua thử thách lớn. trong kỳ thi,Positive
Mình vừa hoàn thành bài tập về nhà. (thật bất ngờ).,Neutral
"Lịch học hôm nay khá dày, mình cần sắp xếp thời gian. trong giờ ra chơi :)",Neutral
"Mình không làm được bài kiểm tra, cảm giác bất lực. trong kỳ thi",Negative
"cực kỳ Thời tiết hôm nay mát mẻ, mình đi học đúng giờ. (thật bất ngờ).",Neutral
Mỗi ngày đến lớp đều là một trải nghiệm tuyệt vời. vào buổi sáng,Positive
Tham gia câu lạc bộ nhưng không ai nói chuyện với mình. khi nói chuyện với bạn bè,Negative
"Giáo viên giao bài tập mới, mình sẽ làm vào cuối tuần. vào buổi chiều :)",Neutral
Hôm nay mình đọc tài liệu môn học. ở trường và mình nghĩ sẽ tốt hơn lần sau.,Neutral
Mỗi ngày đến lớp đều cảm thấy áp lực. trong kỳ thi.,Negative
"quá Cả lớp bị phạt vì một lỗi nhỏ, mình thấy bất công..",Negative
khá Mình vừa học xong một bài mới và hiểu rất rõ. khi thảo luận nhóm,Positive
"Lịch học hôm nay khá dày, mình cần sắp xếp thời gian.",Neutral
Mình chuẩn bị sách vở cho buổi học tiếp theo. khi thảo luận nhóm.,Neutral
"Mình bị chê bai trước lớp, rất xấu hổ. (thật bất ngờ).",Negative
Bố mẹ tự hào về thành tích học tập của mình. trong lớp học và mình nghĩ sẽ tốt hơn lần sau.,Positive
cực kỳ Bạn bè luôn động viên khiến mình tự tin hơn mỗi ngày. (thật bất ngờ).,Positive
"hơi Cả lớp cùng nhau tổ chức tiệc, không khí thật vui vẻ. khi thảo luận nhóm!",Positive
Bố mẹ không hài lòng về kết quả học tập của mình. vào buổi sáng,Negative
Mỗi ngày đến lớp đều cảm thấy áp lực. :),Negative
rất Mình kiểm tra lại lịch học tuần này. ở trường - mình tự nhủ.,Neutral
"cực kỳ Mình tham gia buổi học nhóm, mọi thứ diễn ra bình thường.!",Neutral
Mỗi ngày đến lớp đều là một trải nghiệm tuyệt vời. - mình tự nhủ.,Positive
"Giờ ra chơi, mình ngồi đọc sách. (thật bất ngờ).",Neutral
"Cả lớp cùng nhau tổ chức tiệc, không khí thật vui vẻ. khi làm bài tập",Positive
Bạn bè luôn động viên khiến mình tự tin hơn mỗi ngày. và mình nghĩ sẽ tốt hơn lần sau.,Positive
"Mình vừa nhận được học bổng, cảm giác như mơ vậy!",Positive
thật sự Mình vừa học xong một bài mới và hiểu rất rõ. (thật bất ngờ).,Positive
Bạn cùng lớp hỗ trợ nhau học tập rất nhiệt tình. vào buổi chiều và mình nghĩ sẽ tốt hơn lần sau.,Positive
"thật sự Cả lớp cùng nhau tổ chức tiệc, không khí thật vui vẻ..",Positive
Thầy cô phê bình làm mình buồn cả ngày.!,Negative
thật sự Tham gia câu lạc bộ nhưng không ai nói chuyện với mình. - mình tự nhủ.,Negative
"đặc biệt Mình được chọn làm lớp trưởng, cảm giác rất vinh dự. (thật bất ngờ).",Positive
rất Cảm giác thất bại khi không đạt mục tiêu đề ra..,Negative
"Mình vừa nhận được học bổng, cảm giác như mơ vậy! và mình nghĩ sẽ tốt hơn lần sau.",Positive
"Mình nộp bài trễ nên bị trừ điểm, rất buồn. và mình nghĩ sẽ tốt hơn lần sau.",Negative
rất Thầy cô khen ngợi làm mình có động lực học tập hơn.,Positive
"Nhóm mình hợp tác rất ăn ý, kết quả vượt ngoài mong đợi. vào buổi chiều (thật bất ngờ).",Positive
"Mình bị loại khỏi đội tuyển, cảm giác thất vọng. khi nói chuyện với bạn bè.",Negative
Mình được mời tham gia đội tuyển học sinh giỏi. (thật bất ngờ).,Positive
thật sự Bạn cùng lớp hỗ trợ nhau học tập rất nhiệt tình. khi thảo luận nhóm,Positive
Mình vừa làm xong bài tập nhỏ.,Neutral
Mình chuẩn bị sách vở cho buổi học tiếp theo..,Neutral
rất Mình vừa học xong một bài mới và hiểu rất rõ. và mình nghĩ sẽ tốt hơn lần sau.,Positive
vô cùng Mình bị đau ốm nên không thể đi học. khi thảo luận nhóm và mình nghĩ sẽ tốt hơn lần sau.,Negative
"Lịch học hôm nay khá dày, mình cần sắp xếp thời gian. trong giờ ra chơi.",Neutral
thật sự Hôm nay mình đọc tài liệu môn học. - mình tự nhủ.,Neutral
"quá Mình không làm được bài kiểm tra, cảm giác bất lực. khi thảo luận nhóm",Negative
cực kỳ Mình vừa nhận được thông báo từ giáo viên.,Neutral
Bố mẹ tự hào về thành tích học tập của mình.!,Positive
cực kỳ Mình đến lớp đúng giờ và nghe giảng đầy đủ. (thật bất ngờ).,Neutral
"đặc biệt Nhóm mình bất đồng ý kiến, kết quả không như mong đợi. và mình nghĩ sẽ tốt hơn lần sau.",Negative
"Tham gia câu lạc bộ mới, mình quen được nhiều bạn tốt. (thật bất ngờ).",Positive
"cực kỳ Mình bị mất đồ dùng học tập, cảm giác rất tệ.",Negative
Bạn thân hiểu lầm khiến mình buồn bã. trong kỳ thi (thật bất ngờ).,Negative
"Giờ ra chơi, mình ngồi đọc sách. khi thảo luận nhóm!",Neutral
khá Hôm nay không có sự kiện gì nổi bật ở trường. trong kỳ thi - mình tự nhủ.,Neutral
"thật sự Cả lớp cùng nhau tổ chức tiệc, không khí thật vui vẻ.!",Positive
vô cùng Mình tham gia tiết học thể dục như mọi khi..,Neutral
"Bài thuyết trình hôm nay thành công rực rỡ, mình rất tự hào. khi làm bài tập (thật bất ngờ).",Positive
Mình vừa nhận được thông báo từ giáo viên. trong kỳ thi - mình tự nhủ.,Neutral
cực kỳ Tham gia câu lạc bộ nhưng không ai nói chuyện với mình. khi nói chuyện với bạn bè!,Negative
Cảm giác chiến thắng khi vượt qua thử thách lớn.,Positive
cực kỳ Mình ghi chú lại bài giảng để dễ học hơn. và mình nghĩ sẽ tốt hơn lần sau.,Neutral
"Bạn thân tặng quà sinh nhật bất ngờ, mình xúc động lắm. - mình tự nhủ.",Positive
"thật sự Giáo viên giao bài tập mới, mình sẽ làm vào cuối tuần. (thật bất ngờ).",Neutral
Mình nhận được lời khen từ thầy giáo chủ nhiệm.,Positive
"Giờ ra chơi, mình ngồi đọc sách..",Neutral
"Mình tham gia buổi học nhóm, mọi thứ diễn ra bình thường.",Neutral
"hơi Mình tham gia buổi học nhóm, mọi thứ diễn ra bình thường. khi thảo luận nhóm và mình nghĩ sẽ tốt hơn lần sau.",Neutral
"cực kỳ Cả lớp bị phạt vì một lỗi nhỏ, mình thấy bất công. ở trường và mình nghĩ sẽ tốt hơn lần sau.",Negative
"Nhóm mình bất đồng ý kiến, kết quả không như mong đợi. :)",Negative
Hôm nay không có sự kiện gì nổi bật ở trường.,Neutral
Mình vừa học xong một bài mới và hiểu rất rõ. trong giờ ra chơi (thật bất ngờ).,Positive
"Ngày mai mình có bài kiểm tra, cần ôn lại một chút. trong kỳ thi - mình tự nhủ.",Neutral
Bạn thân hiểu lầm khiến mình buồn bã. ở trường - mình tự nhủ.,Negative
thật sự Mình vừa nhận được thông báo từ giáo viên. khi làm bài tập và mình nghĩ sẽ tốt hơn lần sau.,Neutral
Mình đến lớp đúng giờ và nghe giảng đầy đủ. khi nói chuyện với bạn bè :),Neutral
Mỗi ngày đến lớp đều cảm thấy áp lực. vào buổi chiều :),Negative
quá Mình cảm thấy vô cùng hạnh phúc khi được điểm cao trong bài kiểm tra. trong giờ ra chơi :),Positive
Mình vừa nhận được thông báo từ giáo viên. trong lớp học :),Neutral
"Cả lớp bị phạt vì một lỗi nhỏ, mình thấy bất công. vào buổi sáng",Negative
"khá Mình tham gia buổi học nhóm, mọi thứ diễn ra bình thường. (thật bất ngờ).",Neutral
Cảm giác thất bại khi không đạt mục tiêu đề ra. vào buổi sáng!,Negative
Cảm giác thất bại khi không đạt mục tiêu đề ra. :),Negative
cực kỳ Mình cảm thấy vô cùng hạnh phúc khi được điểm cao trong bài kiểm tra. khi làm bài tập,Positive
"Cả lớp cùng nhau tổ chức tiệc, không khí thật vui vẻ. vào buổi sáng",Positive
"Mình bị loại khỏi đội tuyển, cảm giác thất vọng. (thật bất ngờ).",Negative
"Tham gia câu lạc bộ mới, mình quen được nhiều bạn tốt. trong kỳ thi và mình nghĩ sẽ tốt hơn lần sau.",Positive
"Nhóm mình bất đồng ý kiến, kết quả không như mong đợi. trong kỳ thi.",Negative
Mình ăn trưa ở căn tin cùng bạn bè. (thật bất ngờ).,Neutral
"quá Mình nộp bài trễ nên bị trừ điểm, rất buồn. vào buổi sáng :)",Negative
khá Mình ghi chú lại bài giảng để dễ học hơn..,Neutral
đặc biệt Mỗi ngày đến lớp đều cảm thấy áp lực. trong kỳ thi và mình nghĩ sẽ tốt hơn lần sau.,Negative
Mình kiểm tra lại lịch học tuần này. trong lớp học,Neutral
"Bài thuyết trình hôm nay gặp sự cố, mình lo lắng mãi. vào buổi sáng (thật bất ngờ).",Negative
"Bài thuyết trình hôm nay gặp sự cố, mình lo lắng mãi. và mình nghĩ sẽ tốt hơn lần sau.",Negative
Bạn cùng lớp không hợp tác khi làm nhóm. khi nói chuyện với bạn bè - mình tự nhủ.,Negative
"Ngày mai mình có bài kiểm tra, cần ôn lại một chút..",Neutral
"Nhóm mình bất đồng ý kiến, kết quả không như mong đợi. vào buổi sáng!",Negative
"Bài thuyết trình hôm nay gặp sự cố, mình lo lắng mãi. trong lớp học!",Negative
rất Hôm nay mình đọc tài liệu môn học. khi nói chuyện với bạn bè,Neutral
"Mình vừa bị điểm kém môn Toán, rất buồn. trong giờ ra chơi",Negative
Mình cảm thấy vô cùng hạnh phúc khi được điểm cao trong bài kiểm tra. trong kỳ thi :),Positive
"vô cùng Lịch học hôm nay khá dày, mình cần sắp xếp thời gian. (thật bất ngờ).",Neutral
khá Thầy cô phê bình làm mình buồn cả ngày.!,Negative
Mình ăn trưa ở căn tin cùng bạn bè. khi thảo luận nhóm,Neutral
"đặc biệt Lịch học hôm nay khá dày, mình cần sắp xếp thời gian.",Neutral
Mỗi ngày đến lớp đều là một trải nghiệm tuyệt vời.,Positive
thật sự Mình vừa hoàn thành bài tập về nhà. trong giờ ra chơi (thật bất ngờ).,Neutral
"rất Tham gia câu lạc bộ mới, mình quen được nhiều bạn tốt.!",Positive
"Giờ ra chơi, mình ngồi đọc sách. :)",Neutral
"khá Cả lớp bị phạt vì một lỗi nhỏ, mình thấy bất công. vào buổi chiều - mình tự nhủ.",Negative
Mình vừa học xong một bài mới và hiểu rất rõ. trong lớp học.,Positive
Mình đạt giải nhất cuộc thi hùng biện của trường..,Positive
"Bài thuyết trình hôm nay gặp sự cố, mình lo lắng mãi. trong kỳ thi",Negative
Thầy cô khen ngợi làm mình có động lực học tập hơn. (thật bất ngờ).,Positive
hơi Mình tham gia tiết học thể dục như mọi khi. trong kỳ thi!,Neutral
cực kỳ Mình cảm thấy vô cùng hạnh phúc khi được điểm cao trong bài kiểm tra. (thật bất ngờ).,Positive
đặc biệt Mình chuẩn bị sách vở cho buổi học tiếp theo. :),Neutral
Mình chuẩn bị sách vở cho buổi học tiếp theo.,Neutral
đặc biệt Mình bị đau ốm nên không thể đi học. - mình tự nhủ.,Negative
"cực kỳ Mình giúp bạn giải bài tập khó, cả hai đều vui. và mình nghĩ sẽ tốt hơn lần sau.",Positive
khá Mình vừa nhận được thông báo từ giáo viên.,Neutral
quá Mình đạt giải nhất cuộc thi hùng biện của trường. vào buổi sáng :),Positive
"vô cùng Lớp học diễn ra bình thường, mọi người đều chăm chú nghe giảng. vào buổi sáng!",Neutral
quá Mình làm bài tập nhóm cùng các bạn. vào buổi sáng - mình tự nhủ.,Neutral
"Mình bị chê bai trước lớp, rất xấu hổ. - mình tự nhủ.",Negative
khá Mình tham gia tiết học thể dục như mọi khi. (thật bất ngờ).,Neutral
"cực kỳ Lịch học hôm nay khá dày, mình cần sắp xếp thời gian. và mình nghĩ sẽ tốt hơn lần sau.",Neutral
"hơi Cả lớp bị phạt vì một lỗi nhỏ, mình thấy bất công.!",Negative
Cảm giác chiến thắng khi vượt qua thử thách lớn.,Positive
"Lớp học diễn ra bình thường, mọi người đều chăm chú nghe giảng.",Neutral
"Hôm nay mình đi học như thường lệ, không có gì đặc biệt. khi làm bài tập và mình nghĩ sẽ tốt hơn lần sau.",Neutral
"Mình giúp bạn giải bài tập khó, cả hai đều vui. (thật bất ngờ).",Positive
"Mình bị điểm danh nhầm, không biết giải thích sao. và mình nghĩ sẽ tốt hơn lần sau.",Negative
"Mình nộp bài trễ nên bị trừ điểm, rất buồn.",Negative
"Nhóm mình bất đồng ý kiến, kết quả không như mong đợi. khi nói chuyện với bạn bè",Negative
"vô cùng Nhóm mình bất đồng ý kiến, kết quả không như mong đợi.!",Negative
"thật sự Mình nộp bài trễ nên bị trừ điểm, rất buồn. trong kỳ thi",Negative
"Giáo viên giao bài tập mới, mình sẽ làm vào cuối tuần. vào buổi chiều.",Neutral
vô cùng Mình ghi chú lại bài giảng để dễ học hơn.,Neutral
"đặc biệt Mình bị loại khỏi đội tuyển, cảm giác thất vọng. trong lớp học và mình nghĩ sẽ tốt hơn lần sau.",Negative
thật sự Tham gia câu lạc bộ nhưng không ai nói chuyện với mình. trong giờ ra chơi,Negative
Mình vừa hoàn thành bài tập về nhà. trong lớp học - mình tự nhủ.,Neutral
hơi Mình cảm thấy vô cùng hạnh phúc khi được điểm cao trong bài kiểm tra. trong lớp học và mình nghĩ sẽ tốt hơn lần sau.,Positive
Mình kiểm tra lại lịch học tuần này. vào buổi chiều.,Neutral
"Mình không làm được bài kiểm tra, cảm giác bất lực. trong giờ ra chơi!",Negative
Mình vừa hoàn thành bài tập về nhà.,Neutral
thật sự Bố mẹ không hài lòng về kết quả học tập của mình.!,Negative
Mình chuẩn bị sách vở cho buổi học tiếp theo. khi làm bài tập.,Neutral
Bạn bè luôn động viên khiến mình tự tin hơn mỗi ngày. (thật bất ngờ).,Positive
hơi Mình vừa nhận được thông báo từ giáo viên.,Neutral
"Mình vừa bị điểm kém môn Toán, rất buồn. và mình nghĩ sẽ tốt hơn lần sau.",Negative
"khá Lịch học hôm nay khá dày, mình cần sắp xếp thời gian. :)",Neutral
Mình vừa học xong một bài mới và hiểu rất rõ.,Positive
"thật sự Mình tham gia buổi học nhóm, mọi thứ diễn ra bình thường. khi nói chuyện với bạn bè :)",Neutral
Bố mẹ tự hào về thành tích học tập của mình.,Positive
"Giáo viên giao bài tập mới, mình sẽ làm vào cuối tuần. trong giờ ra chơi :)",Neutral
"đặc biệt Mình bị chê bai trước lớp, rất xấu hổ. và mình nghĩ sẽ tốt hơn lần sau.",Negative
"thật sự Hôm nay mình đi học như thường lệ, không có gì đặc biệt. trong kỳ thi và mình nghĩ sẽ tốt hơn lần sau.",Neutral
vô cùng Mình tham gia tiết học thể dục như mọi khi.!,Neutral
"hơi Giờ ra chơi, mình ngồi đọc sách. và mình nghĩ sẽ tốt hơn lần sau.",Neutral
"hơi Bạn thân tặng quà sinh nhật bất ngờ, mình xúc động lắm. khi nói chuyện với bạn bè",Positive
"khá Lịch học hôm nay khá dày, mình cần sắp xếp thời gian. trong lớp học.",Neutral
rất Mình được mời tham gia đội tuyển học sinh giỏi. - mình tự nhủ.,Positive
"khá Giờ ra chơi, mình ngồi đọc sách.!",Neutral
"thật sự Bài thuyết trình hôm nay gặp sự cố, mình lo lắng mãi. vào buổi chiều!",Negative
Mình làm bài tập nhóm cùng các bạn. trong giờ ra chơi và mình nghĩ sẽ tốt hơn lần sau.,Neutral
rất Cảm giác chiến thắng khi vượt qua thử thách lớn. - mình tự nhủ.,Positive
vô cùng Mình nhận được lời khen từ thầy giáo chủ nhiệm. trong giờ ra chơi!,Positive
khá Mình đạt giải nhất cuộc thi hùng biện của trường. khi làm bài tập,Positive
vô cùng Mình cảm thấy thất vọng vì bị điểm kém trong bài kiểm tra. khi nói chuyện với bạn bè - mình tự nhủ.,Negative
"Lớp học diễn ra bình thường, mọi người đều chăm chú nghe giảng.",Neutral
Mình vừa làm xong bài tập nhỏ..,Neutral
khá Mình cảm thấy thất vọng vì bị điểm kém trong bài kiểm tra. trong giờ ra chơi,Negative
Mình chuẩn bị sách vở cho buổi học tiếp theo.,Neutral
"Mình hoàn thành dự án trước thời hạn, cảm giác nhẹ nhõm và vui sướng..",Positive
rất Bạn cùng lớp không hợp tác khi làm nhóm. :),Negative
"Tham gia câu lạc bộ mới, mình quen được nhiều bạn tốt.!",Positive
Mỗi ngày đến lớp đều cảm thấy áp lực. vào buổi chiều,Negative
quá Mình cảm thấy thất vọng vì bị điểm kém trong bài kiểm tra. khi nói chuyện với bạn bè,Negative
"Mình hoàn thành dự án trước thời hạn, cảm giác nhẹ nhõm và vui sướng.",Positive
"Mình vừa bị điểm kém môn Toán, rất buồn. (thật bất ngờ).",Negative
rất Mình vừa làm xong bài tập nhỏ.,Neutral
"đặc biệt Bài thuyết trình hôm nay gặp sự cố, mình lo lắng mãi.",Negative
"hơi Mình bị điểm danh nhầm, không biết giải thích sao.",Negative
vô cùng Mỗi ngày đến lớp đều cảm thấy áp lực. (thật bất ngờ).,Negative
"quá Giáo viên giao bài tập mới, mình sẽ làm vào cuối tuần.",Neutral
Mình được mời tham gia đội tuyển học sinh giỏi.!,Positive
"đặc biệt Mình bị mất đồ dùng học tập, cảm giác rất tệ.",Negative
quá Cảm giác chiến thắng khi vượt qua thử thách lớn.,Positive
Mình làm bài tập nhóm cùng các bạn. (thật bất ngờ).,Neutral
đặc biệt Mình cảm thấy vô cùng hạnh phúc khi được điểm cao trong bài kiểm tra.,Positive
"cực kỳ Mình bị mất đồ dùng học tập, cảm giác rất tệ. - mình tự nhủ.",Negative
"rất Bạn thân tặng quà sinh nhật bất ngờ, mình xúc động lắm. (thật bất ngờ).",Positive
Mình làm bài tập nhóm cùng các bạn. và mình nghĩ sẽ tốt hơn lần sau.,Neutral
thật sự Mình tham gia tiết học thể dục như mọi khi. vào buổi sáng,Neutral
Hôm nay mình đọc tài liệu môn học. và mình nghĩ sẽ tốt hơn lần sau.,Neutral
"rất Nhóm mình bất đồng ý kiến, kết quả không như mong đợi. vào buổi sáng (thật bất ngờ).",Negative
"Mình bị mất đồ dùng học tập, cảm giác rất tệ. khi làm bài tập!",Negative
Hôm nay không có sự kiện gì nổi bật ở trường.,Neutral
Mình kiểm tra lại lịch học tuần này. trong lớp học.,Neutral
khá Mình bị đau ốm nên không thể đi học. ở trường :),Negative
"Cả lớp bị phạt vì một lỗi nhỏ, mình thấy bất công. - mình tự nhủ.",Negative
"Mình nộp bài trễ nên bị trừ điểm, rất buồn. vào buổi sáng",Negative
Bố mẹ tự hào về thành tích học tập của mình. ở trường,Positive
hơi Mình vừa nhận được thông báo từ giáo viên. ở trường :),Neutral
hơi Thầy cô khen ngợi làm mình có động lực học tập hơn.,Positive
Mình làm bài tập nhóm cùng các bạn..,Neutral
Cảm giác thất bại khi không đạt mục tiêu đề ra..,Negative
quá Mình vừa học xong một bài mới và hiểu rất rõ. khi thảo luận nhóm và mình nghĩ sẽ tốt hơn lần sau.,Positive
"Bài thuyết trình hôm nay thành công rực rỡ, mình rất tự hào. trong kỳ thi",Positive
Bạn thân hiểu lầm khiến mình buồn bã. trong kỳ thi!,Negative
hơi Mình cảm thấy vô cùng hạnh phúc khi được điểm cao trong bài kiểm tra. trong giờ ra chơi (thật bất ngờ).,Positive
khá Thầy cô khen ngợi làm mình có động lực học tập hơn. khi nói chuyện với bạn bè - mình tự nhủ.,Positive
vô cùng Bố mẹ không hài lòng về kết quả học tập của mình. ở trường,Negative
"rất Giờ ra chơi, mình ngồi đọc sách. trong lớp học :)",Neutral
"quá Mình không làm được bài kiểm tra, cảm giác bất lực.!",Negative
"rất Nhóm mình bất đồng ý kiến, kết quả không như mong đợi. và mình nghĩ sẽ tốt hơn lần sau.",Negative
"Thời tiết hôm nay mát mẻ, mình đi học đúng giờ. khi làm bài tập",Neutral
"Lịch học hôm nay khá dày, mình cần sắp xếp thời gian. khi nói chuyện với bạn bè và mình nghĩ sẽ tốt hơn lần sau.",Neutral
quá Cảm giác chiến thắng khi vượt qua thử thách lớn. :),Positive
vô cùng Mình cảm thấy vô cùng hạnh phúc khi được điểm cao trong bài kiểm tra. khi thảo luận nhóm,Positive
"Nhóm mình bất đồng ý kiến, kết quả không như mong đợi. trong lớp học - mình tự nhủ.",Negative
quá Bạn cùng lớp hỗ trợ nhau học tập rất nhiệt tình. (thật bất ngờ).,Positive
Thầy cô phê bình làm mình buồn cả ngày. khi làm bài tập và mình nghĩ sẽ tốt hơn lần sau.,Negative
"hơi Mình hoàn thành dự án trước thời hạn, cảm giác nhẹ nhõm và vui sướng.",Positive
Mình cảm thấy thất vọng vì bị điểm kém trong bài kiểm tra.!,Negative
"Mình tham gia buổi học nhóm, mọi thứ diễn ra bình thường. (thật bất ngờ).",Neutral
Mình chuẩn bị sách vở cho buổi học tiếp theo. khi thảo luận nhóm,Neutral
Mình vừa hoàn thành bài tập về nhà. vào buổi sáng,Neutral
cực kỳ Mình đến lớp đúng giờ và nghe giảng đầy đủ. (thật bất ngờ).,Neutral
"Cả lớp cùng nhau tổ chức tiệc, không khí thật vui vẻ.!",Positive
Bạn cùng lớp hỗ trợ nhau học tập rất nhiệt tình.,Positive
khá Hôm nay không có sự kiện gì nổi bật ở trường. ở trường :),Neutral
cực kỳ Bạn cùng lớp không hợp tác khi làm nhóm. trong giờ ra chơi,Negative
Mình được mời tham gia đội tuyển học sinh giỏi. (thật bất ngờ).,Positive
"Giáo viên giao bài tập mới, mình sẽ làm vào cuối tuần..",Neutral
"đặc biệt Hôm nay mình đi học như thường lệ, không có gì đặc biệt. và mình nghĩ sẽ tốt hơn lần sau.",Neutral
Thầy cô phê bình làm mình buồn cả ngày. - mình tự nhủ.,Negative
Hôm nay mình đọc tài liệu môn học. khi nói chuyện với bạn bè,Neutral
"Nhóm mình hợp tác rất ăn ý, kết quả vượt ngoài mong đợi.",Positive
"đặc biệt Bài thuyết trình hôm nay gặp sự cố, mình lo lắng mãi. trong kỳ thi.",Negative
"Cả lớp cùng nhau tổ chức tiệc, không khí thật vui vẻ. trong lớp học :)",Positive
Mình cảm thấy thất vọng vì bị điểm kém trong bài kiểm tra. - mình tự nhủ.,Negative
thật sự Mình đạt giải nhất cuộc thi hùng biện của trường.,Positive
"vô cùng Tham gia câu lạc bộ mới, mình quen được nhiều bạn tốt. trong lớp học - mình tự nhủ.",Positive
khá Bố mẹ không hài lòng về kết quả học tập của mình. trong giờ ra chơi :),Negative
"Mình bị điểm danh nhầm, không biết giải thích sao..",Negative
"Mình tham gia buổi học nhóm, mọi thứ diễn ra bình thường.!",Neutral
Bạn bè không quan tâm khiến mình thấy cô đơn. vào buổi sáng - mình tự nhủ.,Negative
Thầy cô phê bình làm mình buồn cả ngày.!,Negative
"khá Mình vừa nhận được học bổng, cảm giác như mơ vậy! - mình tự nhủ.",Positive
cực kỳ Mỗi ngày đến lớp đều là một trải nghiệm tuyệt vời. khi nói chuyện với bạn bè - mình tự nhủ.,Positive
"Mình bị mất đồ dùng học tập, cảm giác rất tệ. vào buổi sáng",Negative
Mình làm bài tập nhóm cùng các bạn. - mình tự nhủ.,Neutral
"Mình hoàn thành dự án trước thời hạn, cảm giác nhẹ nhõm và vui sướng. và mình nghĩ sẽ tốt hơn lần sau.",Positive
"Bạn thân tặng quà sinh nhật bất ngờ, mình xúc động lắm. vào buổi sáng (thật bất ngờ).",Positive
"Giáo viên giao bài tập mới, mình sẽ làm vào cuối tuần.",Neutral
Mình cảm thấy vô cùng hạnh phúc khi được điểm cao trong bài kiểm tra.,Positive
quá Cảm giác chiến thắng khi vượt qua thử thách lớn. khi nói chuyện với bạn bè!,Positive
Thầy cô phê bình làm mình buồn cả ngày.,Negative
"thật sự Mình vừa nhận được học bổng, cảm giác như mơ vậy! trong giờ ra chơi!",Positive
"cực kỳ Giáo viên giao bài tập mới, mình sẽ làm vào cuối tuần. trong kỳ thi",Neutral
Mình vừa hoàn thành bài tập về nhà. :),Neutral
đặc biệt Mình bị đau ốm nên không thể đi học. khi thảo luận nhóm,Negative
Cảm giác chiến thắng khi vượt qua thử thách lớn. trong kỳ thi,Positive
"Mình bị chê bai trước lớp, rất xấu hổ. khi nói chuyện với bạn bè",Negative
cực kỳ Mình ghi chú lại bài giảng để dễ học hơn. khi nói chuyện với bạn bè.,Neutral
vô cùng Mình cảm thấy thất vọng vì bị điểm kém trong bài kiểm tra. khi làm bài tập - mình tự nhủ.,Negative
"Mình vừa nhận được học bổng, cảm giác như mơ vậy!.",Positive
hơi Cảm giác chiến thắng khi vượt qua thử thách lớn. trong giờ ra chơi!,Positive
"vô cùng Cả lớp bị phạt vì một lỗi nhỏ, mình thấy bất công. trong giờ ra chơi",Negative
"Nhóm mình bất đồng ý kiến, kết quả không như mong đợi. ở trường (thật bất ngờ).",Negative
vô cùng Hôm nay mình đọc tài liệu môn học. (thật bất ngờ).,Neutral
"Mình bị loại khỏi đội tuyển, cảm giác thất vọng.",Negative
"Bài thuyết trình hôm nay gặp sự cố, mình lo lắng mãi. vào buổi sáng",Negative
"quá Mình giúp bạn giải bài tập khó, cả hai đều vui..",Positive
"Cả lớp cùng nhau tổ chức tiệc, không khí thật vui vẻ.!",Positive
rất Mình chuẩn bị sách vở cho buổi học tiếp theo. vào buổi chiều :),Neutral
"rất Nhóm mình bất đồng ý kiến, kết quả không như mong đợi.",Negative
"rất Mình bị mất đồ dùng học tập, cảm giác rất tệ. khi làm bài tập",Negative
vô cùng Mình bị đau ốm nên không thể đi học. khi làm bài tập,Negative
"rất Mình bị điểm danh nhầm, không biết giải thích sao. khi nói chuyện với bạn bè.",Negative
"Bạn thân tặng quà sinh nhật bất ngờ, mình xúc động lắm.",Positive
Mình đến lớp đúng giờ và nghe giảng đầy đủ. vào buổi chiều - mình tự nhủ.,Neutral
Bạn thân hiểu lầm khiến mình buồn bã. và mình nghĩ sẽ tốt hơn lần sau.,Negative
"Mình giúp bạn giải bài tập khó, cả hai đều vui.",Positive
"Bạn thân tặng quà sinh nhật bất ngờ, mình xúc động lắm.!",Positive
Mình tham gia tiết học thể dục như mọi khi.,Neutral
"rất Tham gia câu lạc bộ mới, mình quen được nhiều bạn tốt. trong giờ ra chơi và mình nghĩ sẽ tốt hơn lần sau.",Positive
"Cả lớp cùng nhau tổ chức tiệc, không khí thật vui vẻ. :)",Positive
"khá Ngày mai mình có bài kiểm tra, cần ôn lại một chút. - mình tự nhủ.",Neutral
"Mình vừa nhận được học bổng, cảm giác như mơ vậy! khi thảo luận nhóm (thật bất ngờ).",Positive
Mình nhận được lời khen từ thầy giáo chủ nhiệm.!,Positive
Mình đạt giải nhất cuộc thi hùng biện của trường.,Positive
"Cả lớp cùng nhau tổ chức tiệc, không khí thật vui vẻ. - mình tự nhủ.",Positive
Mỗi ngày đến lớp đều là một trải nghiệm tuyệt vời. trong kỳ thi,Positive
quá Thầy cô phê bình làm mình buồn cả ngày. và mình nghĩ sẽ tốt hơn lần sau.,Negative
rất Mỗi ngày đến lớp đều là một trải nghiệm tuyệt vời.,Positive
Mỗi ngày đến lớp đều là một trải nghiệm tuyệt vời. trong giờ ra chơi.,Positive
rất Mình ghi chú lại bài giảng để dễ học hơn. và mình nghĩ sẽ tốt hơn lần sau.,Neutral
Bạn thân hiểu lầm khiến mình buồn bã. vào buổi chiều (thật bất ngờ).,Negative
vô cùng Thầy cô phê bình làm mình buồn cả ngày. khi làm bài tập (thật bất ngờ).,Negative
"thật sự Mình được chọn làm lớp trưởng, cảm giác rất vinh dự. khi nói chuyện với bạn bè",Positive
đặc biệt Mình vừa hoàn thành bài tập về nhà.!,Neutral
"hơi Bài thuyết trình hôm nay gặp sự cố, mình lo lắng mãi.!",Negative
"Ngày mai mình có bài kiểm tra, cần ôn lại một chút. trong lớp học - mình tự nhủ.",Neutral
Mình làm bài tập nhóm cùng các bạn. (thật bất ngờ).,Neutral
Cảm giác thất bại khi không đạt mục tiêu đề ra.,Negative
"Hôm nay mình đi học như thường lệ, không có gì đặc biệt. vào buổi sáng",Neutral
Mình kiểm tra lại lịch học tuần này. khi nói chuyện với bạn bè và mình nghĩ sẽ tốt hơn lần sau.,Neutral
thật sự Mình tham gia tiết học thể dục như mọi khi. trong giờ ra chơi (thật bất ngờ).,Neutral
Cảm giác thất bại khi không đạt mục tiêu đề ra. khi thảo luận nhóm và mình nghĩ sẽ tốt hơn lần sau.,Negative
cực kỳ Mình kiểm tra lại lịch học tuần này. vào buổi sáng :),Neutral
"khá Giờ ra chơi, mình ngồi đọc sách. ở trường",Neutral
"thật sự Giờ ra chơi, mình ngồi đọc sách. vào buổi sáng.",Neutral
đặc biệt Mình được mời tham gia đội tuyển học sinh giỏi. khi nói chuyện với bạn bè và mình nghĩ sẽ tốt hơn lần sau.,Positive
rất Cảm giác thất bại khi không đạt mục tiêu đề ra. khi thảo luận nhóm (thật bất ngờ).,Negative
hơi Mình vừa học xong một bài mới và hiểu rất rõ. khi làm bài tập,Positive
"Giờ ra chơi, mình ngồi đọc sách..",Neutral
Tham gia câu lạc bộ nhưng không ai nói chuyện với mình.,Negative
Mình bị đau ốm nên không thể đi học. khi nói chuyện với bạn bè,Negative
vô cùng Mình cảm thấy vô cùng hạnh phúc khi được điểm cao trong bài kiểm tra. (thật bất ngờ).,Positive
Bố mẹ không hài lòng về kết quả học tập của mình. trong giờ ra chơi,Negative
"cực kỳ Cả lớp cùng nhau tổ chức tiệc, không khí thật vui vẻ..",Positive
Mình cảm thấy thất vọng vì bị điểm kém trong bài kiểm tra. - mình tự nhủ.,Negative
Mình đến lớp đúng giờ và nghe giảng đầy đủ. trong kỳ thi!,Neutral
"Lớp học diễn ra bình thường, mọi người đều chăm chú nghe giảng.",Neutral
thật sự Bạn thân hiểu lầm khiến mình buồn bã. và mình nghĩ sẽ tốt hơn lần sau.,Negative
"đặc biệt Ngày mai mình có bài kiểm tra, cần ôn lại một chút. khi thảo luận nhóm",Neutral
Bạn bè không quan tâm khiến mình thấy cô đơn. - mình tự nhủ.,Negative
"Lớp học diễn ra bình thường, mọi người đều chăm chú nghe giảng. vào buổi chiều",Neutral
Mình chuẩn bị sách vở cho buổi học tiếp theo. và mình nghĩ sẽ tốt hơn lần sau.,Neutral
vô cùng Mình đạt giải nhất cuộc thi hùng biện của trường..,Positive
"thật sự Mình nộp bài trễ nên bị trừ điểm, rất buồn. khi nói chuyện với bạn bè",Negative
"Mình nộp bài trễ nên bị trừ điểm, rất buồn. vào buổi sáng!",Negative
Mình cảm thấy thất vọng vì bị điểm kém trong bài kiểm tra. khi nói chuyện với bạn bè - mình tự nhủ.,Negative
"đặc biệt Mình nộp bài trễ nên bị trừ điểm, rất buồn. ở trường :)",Negative
Hôm nay mình đọc tài liệu môn học. vào buổi sáng :),Neutral
thật sự Mình ghi chú lại bài giảng để dễ học hơn. ở trường,Neutral
cực kỳ Mình vừa hoàn thành bài tập về nhà.,Neutral
Mình cảm thấy vô cùng hạnh phúc khi được điểm cao trong bài kiểm tra. khi làm bài tập (thật bất ngờ).,Positive
"rất Bạn thân tặng quà sinh nhật bất ngờ, mình xúc động lắm.!",Positive
cực kỳ Mình đạt giải nhất cuộc thi hùng biện của trường. trong lớp học và mình nghĩ sẽ tốt hơn lần sau.,Positive
Hôm nay không có sự kiện gì nổi bật ở trường. trong kỳ thi,Neutral
"Mình vừa nhận được học bổng, cảm giác như mơ vậy! trong kỳ thi",Positive
Bạn cùng lớp hỗ trợ nhau học tập rất nhiệt tình. trong kỳ thi.,Positive
"thật sự Hôm nay mình đi học như thường lệ, không có gì đặc biệt. khi làm bài tập - mình tự nhủ.",Neutral
Mình làm bài tập nhóm cùng các bạn. ở trường,Neutral
Bạn bè không quan tâm khiến mình thấy cô đơn. trong lớp học!,Negative
đặc biệt Thầy cô khen ngợi làm mình có động lực học tập hơn. và mình nghĩ sẽ tốt hơn lần sau.,Positive
Tham gia câu lạc bộ nhưng không ai nói chuyện với mình. vào buổi chiều.,Negative
cực kỳ Mình cảm thấy vô cùng hạnh phúc khi được điểm cao trong bài kiểm tra..,Positive
"cực kỳ Bài thuyết trình hôm nay thành công rực rỡ, mình rất tự hào. :)",Positive
Thầy cô khen ngợi làm mình có động lực học tập hơn. :),Positive
Tham gia câu lạc bộ nhưng không ai nói chuyện với mình. khi nói chuyện với bạn bè - mình tự nhủ.,Negative
"thật sự Lịch học hôm nay khá dày, mình cần sắp xếp thời gian. :)",Neutral
hơi Mình đạt giải nhất cuộc thi hùng biện của trường. vào buổi sáng.,Positive
"Cả lớp cùng nhau tổ chức tiệc, không khí thật vui vẻ. - mình tự nhủ.",Positive
Mình đến lớp đúng giờ và nghe giảng đầy đủ. ở trường,Neutral
"vô cùng Nhóm mình hợp tác rất ăn ý, kết quả vượt ngoài mong đợi. :)",Positive
"Tham gia câu lạc bộ mới, mình quen được nhiều bạn tốt. và mình nghĩ sẽ tốt hơn lần sau.",Positive
đặc biệt Cảm giác chiến thắng khi vượt qua thử thách lớn. (thật bất ngờ).,Positive
rất Tham gia câu lạc bộ nhưng không ai nói chuyện với mình. ở trường (thật bất ngờ).,Negative
vô cùng Mình cảm thấy vô cùng hạnh phúc khi được điểm cao trong bài kiểm tra. khi thảo luận nhóm và mình nghĩ sẽ tốt hơn lần sau.,Positive
Mình tham gia tiết học thể dục như mọi khi. vào buổi sáng :),Neutral
đặc biệt Bố mẹ tự hào về thành tích học tập của mình. :),Positive
Mỗi ngày đến lớp đều là một trải nghiệm tuyệt vời..,Positive
"Lịch học hôm nay khá dày, mình cần sắp xếp thời gian. (thật bất ngờ).",Neutral
"Mình tham gia buổi học nhóm, mọi thứ diễn ra bình thường. và mình nghĩ sẽ tốt hơn lần sau.",Neutral
"Giờ ra chơi, mình ngồi đọc sách. khi làm bài tập (thật bất ngờ).",Neutral
"khá Hôm nay mình đi học như thường lệ, không có gì đặc biệt.",Neutral
"Mình tham gia buổi học nhóm, mọi thứ diễn ra bình thường. trong lớp học",Neutral
Mình chuẩn bị sách vở cho buổi học tiếp theo. khi thảo luận nhóm,Neutral
Mình vừa nhận được thông báo từ giáo viên. trong lớp học!,Neutral
"Bài thuyết trình hôm nay gặp sự cố, mình lo lắng mãi. - mình tự nhủ.",Negative
"Nhóm mình bất đồng ý kiến, kết quả không như mong đợi. và mình nghĩ sẽ tốt hơn lần sau.",Negative
"khá Thời tiết hôm nay mát mẻ, mình đi học đúng giờ. (thật bất ngờ).",Neutral
"đặc biệt Nhóm mình hợp tác rất ăn ý, kết quả vượt ngoài mong đợi. :)",Positive
cực kỳ Mỗi ngày đến lớp đều là một trải nghiệm tuyệt vời. ở trường.,Positive
"Mình nộp bài trễ nên bị trừ điểm, rất buồn. và mình nghĩ sẽ tốt hơn lần sau.",Negative
"Mình bị điểm danh nhầm, không biết giải thích sao. - mình tự nhủ.",Negative
"rất Lịch học hôm nay khá dày, mình cần sắp xếp thời gian. trong lớp học (thật bất ngờ).",Neutral
Mình nhận được lời khen từ thầy giáo chủ nhiệm..,Positive
"Hôm nay mình đi học như thường lệ, không có gì đặc biệt. trong lớp học (thật bất ngờ).",Neutral
Mình cảm thấy thất vọng vì bị điểm kém trong bài kiểm tra. :),Negative
"Ngày mai mình có bài kiểm tra, cần ôn lại một chút. - mình tự nhủ.",Neutral
Bạn cùng lớp không hợp tác khi làm nhóm. trong kỳ thi!,Negative
"quá Mình giúp bạn giải bài tập khó, cả hai đều vui.",Positive
"cực kỳ Bài thuyết trình hôm nay gặp sự cố, mình lo lắng mãi..",Negative
Bố mẹ tự hào về thành tích học tập của mình. - mình tự nhủ.,Positive
"thật sự Mình được chọn làm lớp trưởng, cảm giác rất vinh dự. :)",Positive
vô cùng Cảm giác chiến thắng khi vượt qua thử thách lớn. vào buổi chiều (thật bất ngờ).,Positive
Mình chuẩn bị sách vở cho buổi học tiếp theo..,Neutral
"Ngày mai mình có bài kiểm tra, cần ôn lại một chút. khi nói chuyện với bạn bè - mình tự nhủ.",Neutral
"Mình hoàn thành dự án trước thời hạn, cảm giác nhẹ nhõm và vui sướng. - mình tự nhủ.",Positive
Bố mẹ không hài lòng về kết quả học tập của mình. trong kỳ thi,Negative
Mình chuẩn bị sách vở cho buổi học tiếp theo. :),Neutral
"Mình hoàn thành dự án trước thời hạn, cảm giác nhẹ nhõm và vui sướng. khi nói chuyện với bạn bè - mình tự nhủ.",Positive
"rất Lớp học diễn ra bình thường, mọi người đều chăm chú nghe giảng. khi thảo luận nhóm (thật bất ngờ).",Neutral
thật sự Mình vừa học xong một bài mới và hiểu rất rõ. trong giờ ra chơi,Positive
quá Mình ăn trưa ở căn tin cùng bạn bè.,Neutral
Mình nhận được lời khen từ thầy giáo chủ nhiệm. - mình tự nhủ.,Positive
hơi Mình cảm thấy vô cùng hạnh phúc khi được điểm cao trong bài kiểm tra. trong giờ ra chơi - mình tự nhủ.,Positive
"vô cùng Mình hoàn thành dự án trước thời hạn, cảm giác nhẹ nhõm và vui sướng.",Positive
Mình kiểm tra lại lịch học tuần này. vào buổi chiều,Neutral
hơi Mình ghi chú lại bài giảng để dễ học hơn. :),Neutral
"khá Mình bị chê bai trước lớp, rất xấu hổ. :)",Negative
Bạn cùng lớp hỗ trợ nhau học tập rất nhiệt tình. vào buổi sáng - mình tự nhủ.,Positive
"Tham gia câu lạc bộ mới, mình quen được nhiều bạn tốt. - mình tự nhủ.",Positive
"Mình hoàn thành dự án trước thời hạn, cảm giác nhẹ nhõm và vui sướng. trong lớp học và mình nghĩ sẽ tốt hơn lần sau.",Positive
Mình đạt giải nhất cuộc thi hùng biện của trường.,Positive
Mình ăn trưa ở căn tin cùng bạn bè..,Neutral
Mình vừa làm xong bài tập nhỏ. (thật bất ngờ).,Neutral
"hơi Ngày mai mình có bài kiểm tra, cần ôn lại một chút. :)",Neutral
"vô cùng Mình bị mất đồ dùng học tập, cảm giác rất tệ. - mình tự nhủ.",Negative
khá Cảm giác thất bại khi không đạt mục tiêu đề ra. (thật bất ngờ).,Negative
"đặc biệt Mình giúp bạn giải bài tập khó, cả hai đều vui. khi nói chuyện với bạn bè và mình nghĩ sẽ tốt hơn lần sau.",Positive
Mình ăn trưa ở căn tin cùng bạn bè. và mình nghĩ sẽ tốt hơn lần sau.,Neutral
Mình ghi chú lại bài giảng để dễ học hơn. khi làm bài tập,Neutral
rất Bạn cùng lớp hỗ trợ nhau học tập rất nhiệt tình. khi nói chuyện với bạn bè,Positive
Mình làm bài tập nhóm cùng các bạn. (thật bất ngờ).,Neutral
"khá Ngày mai mình có bài kiểm tra, cần ôn lại một chút.",Neutral
rất Thầy cô phê bình làm mình buồn cả ngày. :),Negative
vô cùng Thầy cô phê bình làm mình buồn cả ngày. trong giờ ra chơi - mình tự nhủ.,Negative
Bạn bè luôn động viên khiến mình tự tin hơn mỗi ngày..,Positive
"vô cùng Mình nộp bài trễ nên bị trừ điểm, rất buồn. trong kỳ thi",Negative
quá Hôm nay mình đọc tài liệu môn học. :),Neutral
"đặc biệt Lịch học hôm nay khá dày, mình cần sắp xếp thời gian. trong kỳ thi.",Neutral
đặc biệt Mình đến lớp đúng giờ và nghe giảng đầy đủ. ở trường và mình nghĩ sẽ tốt hơn lần sau.,Neutral
"Lịch học hôm nay khá dày, mình cần sắp xếp thời gian. ở trường",Neutral
Mình được mời tham gia đội tuyển học sinh giỏi.,Positive
Bạn cùng lớp không hợp tác khi làm nhóm.!,Negative
Cảm giác chiến thắng khi vượt qua thử thách lớn..,Positive
"Mình được chọn làm lớp trưởng, cảm giác rất vinh dự. ở trường - mình tự nhủ.",Positive
rất Mỗi ngày đến lớp đều cảm thấy áp lực. vào buổi sáng và mình nghĩ sẽ tốt hơn lần sau.,Negative
"rất Hôm nay mình đi học như thường lệ, không có gì đặc biệt. ở trường.",Neutral
"Tham gia câu lạc bộ mới, mình quen được nhiều bạn tốt. khi làm bài tập",Positive
Mình vừa học xong một bài mới và hiểu rất rõ. - mình tự nhủ.,Positive
Mình vừa học xong một bài mới và hiểu rất rõ. khi nói chuyện với bạn bè (thật bất ngờ).,Positive
Bạn thân hiểu lầm khiến mình buồn bã. trong lớp học :),Negative
hơi Mình ăn trưa ở căn tin cùng bạn bè. khi làm bài tập.,Neutral
đặc biệt Mình vừa làm xong bài tập nhỏ. và mình nghĩ sẽ tốt hơn lần sau.,Neutral
"Bạn thân tặng quà sinh nhật bất ngờ, mình xúc động lắm. khi thảo luận nhóm :)",Positive
"Nhóm mình hợp tác rất ăn ý, kết quả vượt ngoài mong đợi. vào buổi chiều và mình nghĩ sẽ tốt hơn lần sau.",Positive
rất Thầy cô phê bình làm mình buồn cả ngày. khi nói chuyện với bạn bè!,Negative
"Cả lớp bị phạt vì một lỗi nhỏ, mình thấy bất công.",Negative
"vô cùng Nhóm mình bất đồng ý kiến, kết quả không như mong đợi. trong giờ ra chơi!",Negative
Cảm giác chiến thắng khi vượt qua thử thách lớn.,Positive
Bạn thân hiểu lầm khiến mình buồn bã. và mình nghĩ sẽ tốt hơn lần sau.,Negative
"cực kỳ Cả lớp cùng nhau tổ chức tiệc, không khí thật vui vẻ.",Positive
"Mình không làm được bài kiểm tra, cảm giác bất lực. khi thảo luận nhóm.",Negative
vô cùng Bạn bè không quan tâm khiến mình thấy cô đơn. vào buổi chiều :),Negative
Mình bị đau ốm nên không thể đi học. trong kỳ thi!,Negative
Hôm nay mình đọc tài liệu môn học. khi nói chuyện với bạn bè.,Neutral
cực kỳ Bạn cùng lớp không hợp tác khi làm nhóm. trong kỳ thi :),Negative
vô cùng Hôm nay không có sự kiện gì nổi bật ở trường. khi làm bài tập,Neutral
"Mình bị mất đồ dùng học tập, cảm giác rất tệ.",Negative
"Mình bị loại khỏi đội tuyển, cảm giác thất vọng. khi làm bài tập!",Negative
Mình vừa nhận được thông báo từ giáo viên. trong lớp học :),Neutral
khá Mình vừa làm xong bài tập nhỏ. khi làm bài tập - mình tự nhủ.,Neutral
Mình được mời tham gia đội tuyển học sinh giỏi. trong giờ ra chơi - mình tự nhủ.,Positive
"Giáo viên giao bài tập mới, mình sẽ làm vào cuối tuần..",Neutral
"Nhóm mình hợp tác rất ăn ý, kết quả vượt ngoài mong đợi. vào buổi chiều và mình nghĩ sẽ tốt hơn lần sau.",Positive
đặc biệt Mình cảm thấy vô cùng hạnh phúc khi được điểm cao trong bài kiểm tra. trong kỳ thi,Positive
đặc biệt Mình làm bài tập nhóm cùng các bạn. vào buổi sáng!,Neutral
quá Bạn thân hiểu lầm khiến mình buồn bã. trong giờ ra chơi!,Negative
Bạn bè không quan tâm khiến mình thấy cô đơn.,Negative
"rất Cả lớp bị phạt vì một lỗi nhỏ, mình thấy bất công. trong giờ ra chơi.",Negative
"vô cùng Mình bị chê bai trước lớp, rất xấu hổ. khi nói chuyện với bạn bè!",Negative
hơi Mình ăn trưa ở căn tin cùng bạn bè. trong kỳ thi :),Neutral
hơi Bố mẹ tự hào về thành tích học tập của mình. khi nói chuyện với bạn bè,Positive
"đặc biệt Hôm nay mình đi học như thường lệ, không có gì đặc biệt. vào buổi sáng",Neutral
thật sự Bạn cùng lớp không hợp tác khi làm nhóm. trong kỳ thi.,Negative
"Mình bị điểm danh nhầm, không biết giải thích sao. khi thảo luận nhóm",Negative
"Mình vừa nhận được học bổng, cảm giác như mơ vậy! vào buổi sáng.",Positive
rất Bố mẹ không hài lòng về kết quả học tập của mình.,Negative
"Hôm nay mình đi học như thường lệ, không có gì đặc biệt. vào buổi sáng và mình nghĩ sẽ tốt hơn lần sau.",Neutral
"Bạn thân tặng quà sinh nhật bất ngờ, mình xúc động lắm. trong lớp học - mình tự nhủ.",Positive
"thật sự Cả lớp bị phạt vì một lỗi nhỏ, mình thấy bất công.",Negative
"rất Bạn thân tặng quà sinh nhật bất ngờ, mình xúc động lắm. (thật bất ngờ).",Positive
Mình nhận được lời khen từ thầy giáo chủ nhiệm. (thật bất ngờ).,Positive
Mình nhận được lời khen từ thầy giáo chủ nhiệm. :),Positive
"đặc biệt Tham gia câu lạc bộ mới, mình quen được nhiều bạn tốt. trong giờ ra chơi",Positive
"Mình bị loại khỏi đội tuyển, cảm giác thất vọng.",Negative
"Mình bị loại khỏi đội tuyển, cảm giác thất vọng. trong giờ ra chơi (thật bất ngờ).",Negative
Bạn cùng lớp không hợp tác khi làm nhóm. :),Negative
rất Mình cảm thấy thất vọng vì bị điểm kém trong bài kiểm tra. trong lớp học,Negative
"hơi Mình giúp bạn giải bài tập khó, cả hai đều vui. và mình nghĩ sẽ tốt hơn lần sau.",Positive
"hơi Ngày mai mình có bài kiểm tra, cần ôn lại một chút. (thật bất ngờ).",Neutral
Bạn bè không quan tâm khiến mình thấy cô đơn. trong giờ ra chơi - mình tự nhủ.,Negative
"Giáo viên giao bài tập mới, mình sẽ làm vào cuối tuần. vào buổi sáng và mình nghĩ sẽ tốt hơn lần sau.",Neutral
Mình vừa hoàn thành bài tập về nhà. khi thảo luận nhóm,Neutral
Mình vừa làm xong bài tập nhỏ. - mình tự nhủ.,Neutral
Hôm nay không có sự kiện gì nổi bật ở trường. - mình tự nhủ.,Neutral
Cảm giác thất bại khi không đạt mục tiêu đề ra. trong lớp học (thật bất ngờ).,Negative
"Hôm nay mình đi học như thường lệ, không có gì đặc biệt.!",Neutral
"Mình nộp bài trễ nên bị trừ điểm, rất buồn. vào buổi chiều",Negative
thật sự Mình làm bài tập nhóm cùng các bạn. ở trường và mình nghĩ sẽ tốt hơn lần sau.,Neutral
"vô cùng Tham gia câu lạc bộ mới, mình quen được nhiều bạn tốt..",Positive
Bạn bè luôn động viên khiến mình tự tin hơn mỗi ngày..,Positive
đặc biệt Bạn bè không quan tâm khiến mình thấy cô đơn..,Negative
thật sự Mình được mời tham gia đội tuyển học sinh giỏi..,Positive
"Mình tham gia buổi học nhóm, mọi thứ diễn ra bình thường. (thật bất ngờ).",Neutral
Hôm nay không có sự kiện gì nổi bật ở trường..,Neutral
Mình kiểm tra lại lịch học tuần này. khi nói chuyện với bạn bè,Neutral
"đặc biệt Ngày mai mình có bài kiểm tra, cần ôn lại một chút. trong giờ ra chơi",Neutral
quá Mình tham gia tiết học thể dục như mọi khi. trong kỳ thi,Neutral
Mình chuẩn bị sách vở cho buổi học tiếp theo. vào buổi sáng và mình nghĩ sẽ tốt hơn lần sau.,Neutral
cực kỳ Mình vừa học xong một bài mới và hiểu rất rõ. - mình tự nhủ.,Positive
"Ngày mai mình có bài kiểm tra, cần ôn lại một chút. và mình nghĩ sẽ tốt hơn lần sau.",Neutral
cực kỳ Mình vừa hoàn thành bài tập về nhà. (thật bất ngờ).,Neutral
"hơi Mình hoàn thành dự án trước thời hạn, cảm giác nhẹ nhõm và vui sướng..",Positive
"Mình vừa nhận được học bổng, cảm giác như mơ vậy!.",Positive
"Lớp học diễn ra bình thường, mọi người đều chăm chú nghe giảng. - mình tự nhủ.",Neutral
rất Cảm giác chiến thắng khi vượt qua thử thách lớn. trong kỳ thi và mình nghĩ sẽ tốt hơn lần sau.,Positive
hơi Mình đến lớp đúng giờ và nghe giảng đầy đủ. trong giờ ra chơi - mình tự nhủ.,Neutral
thật sự Bạn bè luôn động viên khiến mình tự tin hơn mỗi ngày. trong kỳ thi,Positive
Mình cảm thấy vô cùng hạnh phúc khi được điểm cao trong bài kiểm tra. trong giờ ra chơi (thật bất ngờ).,Positive
Mình chuẩn bị sách vở cho buổi học tiếp theo.,Neutral
Mình được mời tham gia đội tuyển học sinh giỏi. (thật bất ngờ).,Positive
"khá Giờ ra chơi, mình ngồi đọc sách. trong giờ ra chơi!",Neutral
Mình cảm thấy vô cùng hạnh phúc khi được điểm cao trong bài kiểm tra..,Positive
"hơi Mình không làm được bài kiểm tra, cảm giác bất lực. :)",Negative
"Tham gia câu lạc bộ mới, mình quen được nhiều bạn tốt. trong lớp học",Positive
"Bạn thân tặng quà sinh nhật bất ngờ, mình xúc động lắm. khi nói chuyện với bạn bè!",Positive
"Tham gia câu lạc bộ mới, mình quen được nhiều bạn tốt. trong kỳ thi.",Positive
cực kỳ Mình chuẩn bị sách vở cho buổi học tiếp theo.,Neutral
"Giáo viên giao bài tập mới, mình sẽ làm vào cuối tuần. - mình tự nhủ.",Neutral
Mình đến lớp đúng giờ và nghe giảng đầy đủ.,Neutral
khá Cảm giác chiến thắng khi vượt qua thử thách lớn.,Positive
"Giờ ra chơi, mình ngồi đọc sách. vào buổi chiều (thật bất ngờ).",Neutral
Mình kiểm tra lại lịch học tuần này. - mình tự nhủ.,Neutral
Mình vừa nhận được thông báo từ giáo viên. (thật bất ngờ).,Neutral
"Bài thuyết trình hôm nay thành công rực rỡ, mình rất tự hào. ở trường.",Positive
đặc biệt Bạn thân hiểu lầm khiến mình buồn bã. - mình tự nhủ.,Negative
"Mình nộp bài trễ nên bị trừ điểm, rất buồn. ở trường",Negative
"Lớp học diễn ra bình thường, mọi người đều chăm chú nghe giảng. trong giờ ra chơi.",Neutral
"Mình hoàn thành dự án trước thời hạn, cảm giác nhẹ nhõm và vui sướng. khi thảo luận nhóm :)",Positive
Bạn bè luôn động viên khiến mình tự tin hơn mỗi ngày. khi thảo luận nhóm (thật bất ngờ).,Positive
Bố mẹ không hài lòng về kết quả học tập của mình.,Negative
hơi Mình đạt giải nhất cuộc thi hùng biện của trường. :),Positive
rất Bạn bè luôn động viên khiến mình tự tin hơn mỗi ngày. và mình nghĩ sẽ tốt hơn lần sau.,Positive
"quá Mình không làm được bài kiểm tra, cảm giác bất lực.",Negative
Mình nhận được lời khen từ thầy giáo chủ nhiệm.,Positive
"hơi Mình bị điểm danh nhầm, không biết giải thích sao. trong giờ ra chơi - mình tự nhủ.",Negative
Cảm giác chiến thắng khi vượt qua thử thách lớn. trong lớp học,Positive
thật sự Mình vừa làm xong bài tập nhỏ. trong giờ ra chơi,Neutral
"Mình bị chê bai trước lớp, rất xấu hổ..",Negative
đặc biệt Mình tham gia tiết học thể dục như mọi khi.,Neutral
cực kỳ Mình đạt giải nhất cuộc thi hùng biện của trường. khi thảo luận nhóm,Positive
Hôm nay mình đọc tài liệu môn học. trong giờ ra chơi (thật bất ngờ).,Neutral
Mình vừa hoàn thành bài tập về nhà..,Neutral
Mỗi ngày đến lớp đều là một trải nghiệm tuyệt vời.,Positive
"Mình bị chê bai trước lớp, rất xấu hổ. vào buổi chiều",Negative
"Mình giúp bạn giải bài tập khó, cả hai đều vui. và mình nghĩ sẽ tốt hơn lần sau.",Positive
rất Mình nhận được lời khen từ thầy giáo chủ nhiệm. vào buổi chiều!,Positive
Hôm nay mình đọc tài liệu môn học. trong lớp học (thật bất ngờ).,Neutral
"cực kỳ Thời tiết hôm nay mát mẻ, mình đi học đúng giờ. trong kỳ thi!",Neutral
"thật sự Mình vừa bị điểm kém môn Toán, rất buồn. trong kỳ thi và mình nghĩ sẽ tốt hơn lần sau.",Negative
"rất Mình được chọn làm lớp trưởng, cảm giác rất vinh dự. trong kỳ thi",Positive
"Tham gia câu lạc bộ mới, mình quen được nhiều bạn tốt.",Positive
"hơi Lịch học hôm nay khá dày, mình cần sắp xếp thời gian. trong lớp học.",Neutral
"cực kỳ Bài thuyết trình hôm nay thành công rực rỡ, mình rất tự hào. vào buổi sáng.",Positive
cực kỳ Mỗi ngày đến lớp đều là một trải nghiệm tuyệt vời. khi thảo luận nhóm,Positive
Mình vừa làm xong bài tập nhỏ.,Neutral
thật sự Bạn cùng lớp không hợp tác khi làm nhóm. ở trường!,Negative
hơi Bạn thân hiểu lầm khiến mình buồn bã. trong giờ ra chơi và mình nghĩ sẽ tốt hơn lần sau.,Negative
"vô cùng Bài thuyết trình hôm nay gặp sự cố, mình lo lắng mãi. vào buổi chiều - mình tự nhủ.",Negative
"Ngày mai mình có bài kiểm tra, cần ôn lại một chút. khi nói chuyện với bạn bè.",Neutral
vô cùng Mỗi ngày đến lớp đều là một trải nghiệm tuyệt vời. trong lớp học :),Positive
Bạn cùng lớp không hợp tác khi làm nhóm.!,Negative
cực kỳ Mình vừa nhận được thông báo từ giáo viên. trong lớp học.,Neutral
hơi Mình đạt giải nhất cuộc thi hùng biện của trường. (thật bất ngờ).,Positive
"Nhóm mình bất đồng ý kiến, kết quả không như mong đợi. trong giờ ra chơi (thật bất ngờ).",Negative
Thầy cô phê bình làm mình buồn cả ngày. khi thảo luận nhóm,Negative
"thật sự Cả lớp bị phạt vì một lỗi nhỏ, mình thấy bất công. khi làm bài tập (thật bất ngờ).",Negative
thật sự Mình vừa học xong một bài mới và hiểu rất rõ. vào buổi sáng - mình tự nhủ.,Positive
Mình ăn trưa ở căn tin cùng bạn bè. khi làm bài tập (thật bất ngờ).,Neutral
"Mình bị chê bai trước lớp, rất xấu hổ.",Negative
"quá Ngày mai mình có bài kiểm tra, cần ôn lại một chút. vào buổi sáng.",Neutral
Mỗi ngày đến lớp đều là một trải nghiệm tuyệt vời.,Positive
Mỗi ngày đến lớp đều cảm thấy áp lực.,Negative
khá Mình tham gia tiết học thể dục như mọi khi. trong kỳ thi (thật bất ngờ).,Neutral
rất Mình nhận được lời khen từ thầy giáo chủ nhiệm. :),Positive
"Nhóm mình bất đồng ý kiến, kết quả không như mong đợi.",Negative
"khá Lớp học diễn ra bình thường, mọi người đều chăm chú nghe giảng. vào buổi sáng.",Neutral
Mình làm bài tập nhóm cùng các bạn.,Neutral
khá Mình tham gia tiết học thể dục như mọi khi. trong kỳ thi!,Neutral
đặc biệt Mình vừa làm xong bài tập nhỏ. trong lớp học :),Neutral
"cực kỳ Bài thuyết trình hôm nay gặp sự cố, mình lo lắng mãi. vào buổi chiều (thật bất ngờ).",Negative
"thật sự Mình vừa bị điểm kém môn Toán, rất buồn.",Negative
Mỗi ngày đến lớp đều cảm thấy áp lực.!,Negative
đặc biệt Mình cảm thấy thất vọng vì bị điểm kém trong bài kiểm tra. khi nói chuyện với bạn bè.,Negative
"Ngày mai mình có bài kiểm tra, cần ôn lại một chút. - mình tự nhủ.",Neutral
"Giáo viên giao bài tập mới, mình sẽ làm vào cuối tuần. khi thảo luận nhóm và mình nghĩ sẽ tốt hơn lần sau.",Neutral
Thầy cô khen ngợi làm mình có động lực học tập hơn. và mình nghĩ sẽ tốt hơn lần sau.,Positive
hơi Mình cảm thấy thất vọng vì bị điểm kém trong bài kiểm tra..,Negative
rất Bạn thân hiểu lầm khiến mình buồn bã. và mình nghĩ sẽ tốt hơn lần sau.,Negative
"Mình vừa bị điểm kém môn Toán, rất buồn. khi làm bài tập",Negative
"hơi Mình nộp bài trễ nên bị trừ điểm, rất buồn. khi thảo luận nhóm",Negative
